Estación;Año;Día;Oct;Nov;Dic;Ene;Feb;Mar;Abr;May;Jun;Jul;Ago;Sep
1363;1970-1971;1;0,14;0,80;7,24;0,99;9,14;4,65;16,25;21,40;13,10;2,76;2,80;0,81
1363;1970-1971;2;0,04;0,80;4,94;0,99;8,38;4,36;19,16;18,60;12,30;2,54;2,71;0,66
1363;1970-1971;3;0,04;0,71;3,20;0,80;7,62;4,36;18,60;16,25;11,10;2,98;2,61;0,66
1363;1970-1971;4;0,04;0,71;3,20;0,71;6,86;3,20;18,13;13,90;10,30;3,78;2,52;0,66
1363;1970-1971;5;0,04;0,71;3,20;0,99;6,10;2,98;18,60;15,31;9,14;3,20;2,42;0,62
1363;1970-1971;6;0,04;0,71;2,76;3,20;6,10;2,76;19,72;15,31;8,00;2,76;2,42;0,62
1363;1970-1971;7;0,04;0,80;2,76;3,20;6,10;2,54;23,08;13,90;7,24;2,32;2,33;0,59
1363;1970-1971;8;0,04;0,99;3,78;4,65;6,10;2,54;22,52;13,10;12,30;1,65;2,23;0,59
1363;1970-1971;9;0,04;0,90;5,23;5,81;6,10;2,54;22,52;12,30;13,10;1,43;2,23;0,55
1363;1970-1971;10;0,42;0,61;5,52;6,10;5,52;2,32;18,60;12,30;12,70;1,43;2,23;0,55
1363;1970-1971;11;0,23;0,52;28,22;6,10;4,94;2,32;17,66;11,90;11,90;1,21;2,23;0,55
1363;1970-1971;12;0,14;0,52;13,10;6,10;4,36;2,32;17,66;13,90;11,10;1,21;2,23;0,55
1363;1970-1971;13;0,04;1,43;11,90;6,48;4,07;2,32;17,66;14,84;9,52;1,65;2,04;0,55
1363;1970-1971;14;0,04;2,76;9,90;4,94;4,36;2,32;17,66;13,50;9,14;3,20;1,85;0,55
1363;1970-1971;15;0,04;4,65;8,00;4,36;4,94;2,32;16,72;13,90;8,00;4,65;1,85;0,55
1363;1970-1971;16;0,04;9,90;6,10;3,20;7,62;2,10;15,78;13,10;6,86;7,62;1,79;0,55
1363;1970-1971;17;0,04;8,00;4,65;3,20;10,30;2,10;13,90;17,66;6,10;11,10;1,67;0,55
1363;1970-1971;18;0,04;5,52;3,78;3,20;13,90;2,98;13,10;35,28;5,81;6,71;1,67;0,55
1363;1970-1971;19;0,04;5,81;3,20;6,10;10,30;2,98;13,90;30,23;5,52;5,69;1,43;0,55
1363;1970-1971;20;0,33;5,52;3,20;7,24;10,30;2,98;17,19;28,89;4,94;5,25;1,31;0,62
1363;1970-1971;21;0,99;4,65;2,98;8,00;9,14;4,36;23,64;28,22;4,65;4,59;1,25;0,70
1363;1970-1971;22;2,10;3,20;2,98;8,00;9,14;12,70;23,08;28,22;4,07;4,15;1,14;0,70
1363;1970-1971;23;0,99;3,20;2,76;13,50;8,00;11,90;25,54;28,89;3,78;3,88;1,14;0,81
1363;1970-1971;24;0,99;3,78;2,10;17,66;6,10;9,14;24,20;23,08;3,49;3,75;1,09;0,70
1363;1970-1971;25;0,99;6,48;0,99;15,78;6,10;11,10;16,25;21,40;3,49;3,61;1,03;0,70
1363;1970-1971;26;0,99;4,65;0,99;13,10;5,52;13,50;13,90;24,20;3,49;3,88;1,03;0,66
1363;1970-1971;27;0,99;2,98;0,99;11,90;5,23;21,96;13,90;23,08;3,49;3,61;1,03;0,66
1363;1970-1971;28;0,99;3,20;0,99;11,90;4,94;39,62;13,90;19,72;3,20;3,48;1,03;0,66
1363;1970-1971;29;0,99;15,31;0,99;10,70;-;28,22;15,31;18,60;2,98;3,34;0,92;0,66
1363;1970-1971;30;0,99;10,70;0,99;11,90;-;27,55;25,54;13,90;2,76;3,07;0,92;0,66
1363;1970-1971;31;1,21;-;0,99;13,10;-;17,19;-;13,10;-;2,94;0,81;-
1363;1975-1976;1;6,30;2,66;12,19;5,30;11,48;7,52;7,52;8,13;2,66;0,98;0,98;1,44
1363;1975-1976;2;5,05;3,04;12,90;5,30;8,13;6,91;8,13;8,13;2,28;1,44;0,98;1,33
1363;1975-1976;3;3,80;12,90;18,94;5,30;8,13;6,30;8,74;8,13;2,28;1,21;0,98;1,21
1363;1975-1976;4;3,80;13,64;20,50;5,30;8,13;5,80;12,90;8,74;2,28;1,44;0,98;1,21
1363;1975-1976;5;3,80;8,74;15,12;5,80;7,52;5,80;11,48;11,48;2,28;4,30;0,98;1,21
1363;1975-1976;6;3,42;6,91;11,48;6,30;8,13;5,80;10,06;12,90;1,90;5,30;0,98;1,10
1363;1975-1976;7;3,04;6,30;10,77;6,30;7,52;5,80;8,74;11,48;1,90;3,04;0,98;1,10
1363;1975-1976;8;2,66;5,80;10,06;6,30;7,52;7,52;8,74;9,35;1,90;2,66;0,98;0,98
1363;1975-1976;9;2,47;4,80;9,35;6,30;7,52;6,91;8,13;9,35;1,90;2,28;0,98;0,98
1363;1975-1976;10;2,28;4,80;8,13;6,30;10,06;5,80;8,13;8,74;1,67;1,90;0,98;1,67
1363;1975-1976;11;6,30;4,80;8,13;5,80;22,02;5,30;7,52;8,13;1,67;1,90;0,98;1,44
1363;1975-1976;12;15,12;5,80;9,35;5,80;14,38;5,30;7,52;6,30;1,67;1,90;0,98;1,44
1363;1975-1976;13;11,48;6,30;10,06;5,80;8,13;5,80;6,30;6,30;1,67;1,67;0,98;1,44
1363;1975-1976;14;11,48;5,30;10,77;5,80;18,94;6,30;5,80;5,80;1,67;1,67;0,98;1,44
1363;1975-1976;15;11,48;4,30;10,06;5,30;12,90;6,91;6,30;5,80;1,44;1,67;0,98;1,33
1363;1975-1976;16;10,06;3,80;10,77;4,80;10,06;6,30;40,90;5,30;1,44;1,67;0,98;1,44
1363;1975-1976;17;8,13;16,60;12,19;4,80;8,74;6,30;26,76;5,80;1,21;1,90;0,98;1,44
1363;1975-1976;18;6,91;15,86;12,19;4,30;8,13;8,13;27,58;5,30;1,21;1,90;0,86;1,21
1363;1975-1976;19;15,12;15,12;10,06;3,80;7,52;8,13;26,76;4,80;1,21;1,67;0,86;1,21
1363;1975-1976;20;11,48;12,90;8,13;3,80;7,52;8,13;22,78;4,30;1,21;1,67;0,86;1,21
1363;1975-1976;21;10,77;15,12;6,91;3,42;6,91;7,52;19,72;3,80;1,21;1,67;0,86;1,21
1363;1975-1976;22;8,13;23,54;6,30;3,42;8,13;8,74;18,94;3,80;1,21;1,67;0,86;1,44
1363;1975-1976;23;6,30;20,50;6,30;3,42;8,13;6,91;16,60;3,80;1,67;1,67;0,86;1,21
1363;1975-1976;24;5,30;16,60;5,80;3,04;10,77;6,30;12,90;3,80;1,44;1,44;0,86;1,21
1363;1975-1976;25;4,80;20,50;5,80;3,23;10,77;5,80;10,77;3,80;1,21;1,44;1,67;3,04
1363;1975-1976;26;4,30;15,12;5,80;3,42;9,35;5,30;9,35;3,42;1,21;1,44;1,67;3,42
1363;1975-1976;27;3,80;14,38;6,30;3,42;8,74;5,30;9,35;3,42;1,21;1,21;1,67;3,04
1363;1975-1976;28;3,42;13,64;6,30;3,42;6,91;5,80;8,74;3,42;1,21;1,21;1,44;3,23
1363;1975-1976;29;3,04;16,60;6,30;4,30;6,91;6,30;8,13;3,04;1,21;1,21;1,67;2,66
1363;1975-1976;30;2,66;14,38;5,80;5,30;-;6,91;8,13;2,66;0,98;0,98;2,28;2,28
1363;1975-1976;31;2,66;-;5,30;5,80;-;6,91;-;2,66;-;0,98;1,67;-
1363;1980-1981;1;0,77;1,09;2,15;4,61;6,14;8,27;8,81;15,40;3,32;1,45;0,85;0,85
1363;1980-1981;2;0,77;0,85;2,15;4,36;6,14;6,65;7,19;15,40;3,32;1,87;0,85;0,85
1363;1980-1981;3;0,77;0,85;4,10;4,36;6,65;6,14;7,19;14,14;3,32;2,15;0,85;0,85
1363;1980-1981;4;0,77;1,59;5,63;4,36;6,40;6,40;6,65;12,25;3,13;1,59;1,59;0,77
1363;1980-1981;5;0,77;1,59;3,71;3,91;7,73;5,63;6,65;11,38;2,93;1,45;1,21;0,77
1363;1980-1981;6;0,77;1,59;3,52;3,71;9,35;6,92;6,65;11,09;2,74;1,59;1,21;0,77
1363;1980-1981;7;0,77;1,59;3,52;3,52;7,73;8,81;6,14;10,51;2,54;1,59;1,33;0,77
1363;1980-1981;8;0,77;2,35;3,52;3,32;7,19;17,10;5,63;8,81;2,35;1,45;1,73;0,77
1363;1980-1981;9;0,77;2,15;3,13;2,93;6,65;12,88;5,38;9,35;2,15;3,13;1,59;0,77
1363;1980-1981;10;0,77;3,52;2,93;2,93;7,19;15,40;5,12;9,35;2,15;3,32;1,21;0,77
1363;1980-1981;11;0,85;3,32;2,35;3,32;6,14;14,14;10,51;8,27;2,15;2,35;1,09;0,77
1363;1980-1981;12;1,45;4,61;2,15;3,71;6,14;14,14;8,00;7,19;2,15;2,15;0,97;0,77
1363;1980-1981;13;1,21;10,51;2,15;4,61;5,12;9,93;8,00;6,92;2,01;1,59;0,97;0,77
1363;1980-1981;14;0,97;5,63;6,65;3,32;5,12;6,65;9,08;6,65;2,15;1,45;0,85;0,77
1363;1980-1981;15;1,59;4,10;13,51;6,65;5,12;5,63;7,73;6,40;1,87;1,45;0,85;0,77
1363;1980-1981;16;1,87;3,13;13,51;28,24;4,61;5,63;7,19;6,14;1,73;1,59;0,85;0,77
1363;1980-1981;17;1,59;2,35;14,77;20,16;3,91;5,89;7,19;5,63;1,59;1,59;0,85;0,77
1363;1980-1981;18;2,54;2,54;24,05;13,83;4,61;5,89;6,65;5,63;1,59;1,59;0,85;0,77
1363;1980-1981;19;2,35;2,01;35,80;12,25;4,10;5,63;6,14;5,63;1,59;1,45;0,85;0,77
1363;1980-1981;20;1,87;1,59;51,00;15,40;3,71;5,63;4,87;5,63;1,45;1,45;0,85;0,77
1363;1980-1981;21;1,87;1,59;22,20;21,52;3,32;5,63;7,19;5,12;1,45;1,45;1,09;0,77
1363;1980-1981;22;2,15;1,59;14,14;15,40;2,93;5,63;9,35;4,10;1,45;1,33;0,97;0,77
1363;1980-1981;23;2,15;1,59;11,09;12,25;2,93;5,38;10,80;4,61;1,45;1,33;0,85;0,77
1363;1980-1981;24;2,15;1,59;8,81;11,09;2,93;5,12;10,51;4,61;1,45;1,33;0,85;0,77
1363;1980-1981;25;1,87;1,59;6,65;9,93;2,93;5,12;14,14;4,10;1,45;1,21;0,85;0,85
1363;1980-1981;26;1,87;2,15;6,65;8,27;2,93;5,12;12,25;4,10;1,45;1,21;0,85;1,33
1363;1980-1981;27;1,59;2,15;10,51;7,19;5,12;4,87;11,67;4,10;2,35;1,09;0,85;0,97
1363;1980-1981;28;1,59;3,13;14,14;6,92;13,51;4,61;11,09;4,10;2,15;0,97;0,85;0,97
1363;1980-1981;29;1,59;4,10;8,81;6,65;-;4,61;11,09;4,10;1,73;0,85;0,85;0,97
1363;1980-1981;30;1,45;3,13;6,65;6,65;-;6,65;13,83;3,71;1,59;0,85;0,85;0,97
1363;1980-1981;31;1,33;-;6,14;6,92;-;8,81;-;3,71;-;0,85;0,85;-
1363;1981-1982;1;0,85;2,54;0,77;8,54;2,54;13,51;2,93;1,87;5,38;1,21;0,85;0,85
1363;1981-1982;2;0,85;2,35;1,33;6,40;2,35;11,09;2,74;1,87;11,67;1,21;1,45;0,85
1363;1981-1982;3;1,33;2,01;1,09;5,89;2,35;9,08;2,54;1,87;17,10;1,09;1,09;0,85
1363;1981-1982;4;1,59;1,87;0,85;6,92;2,35;8,54;3,71;1,73;14,77;1,09;0,97;0,77
1363;1981-1982;5;6,14;1,73;0,85;6,65;3,52;7,46;4,36;1,73;11,09;1,09;0,97;0,77
1363;1981-1982;6;7,19;1,59;0,85;6,92;3,32;6,92;4,10;1,73;8,27;0,97;0,97;0,77
1363;1981-1982;7;2,93;1,45;0,85;9,08;3,13;7,19;3,52;1,59;6,65;0,97;1,09;0,77
1363;1981-1982;8;2,93;1,33;0,85;6,65;2,93;7,46;3,32;1,59;5,38;0,97;1,09;0,77
1363;1981-1982;9;1,59;1,33;0,85;5,38;2,93;7,19;3,32;1,59;4,36;0,97;1,09;0,77
1363;1981-1982;10;1,45;1,33;0,85;5,89;2,93;6,65;3,13;1,59;3,91;0,97;1,09;0,77
1363;1981-1982;11;1,33;1,21;1,09;5,63;2,74;6,92;3,13;1,59;3,52;0,97;1,09;0,77
1363;1981-1982;12;1,33;1,09;1,87;4,87;2,74;6,65;3,13;4,87;3,13;0,97;1,09;0,77
1363;1981-1982;13;1,33;1,09;1,73;3,91;2,93;6,65;2,93;4,10;3,13;0,97;1,09;0,77
1363;1981-1982;14;1,21;1,09;2,74;3,52;2,54;6,14;2,93;2,35;2,93;0,97;0,97;0,77
1363;1981-1982;15;1,21;0,97;2,15;3,13;2,54;5,89;2,74;2,15;2,74;0,97;0,97;0,77
1363;1981-1982;16;1,21;0,97;3,32;6,65;2,54;5,38;2,74;2,15;2,54;0,97;0,97;0,77
1363;1981-1982;17;1,09;0,97;2,93;6,92;2,54;5,89;2,54;2,54;2,15;2,15;0,85;0,77
1363;1981-1982;18;2,35;0,97;3,13;5,63;2,54;5,89;2,54;2,01;2,01;0,85;0,97;0,77
1363;1981-1982;19;2,01;0,85;2,74;4,61;2,54;6,14;2,54;2,01;1,87;1,73;0,97;0,77
1363;1981-1982;20;1,73;0,85;2,35;4,10;2,35;6,92;2,35;2,01;1,87;0,97;0,85;0,85
1363;1981-1982;21;2,15;0,85;2,74;3,71;2,74;7,19;2,35;1,87;1,87;0,97;0,85;0,85
1363;1981-1982;22;3,71;0,77;6,65;3,13;4,10;7,19;2,15;1,87;1,59;0,97;0,85;0,77
1363;1981-1982;23;3,71;0,77;14,46;2,93;5,12;6,92;2,01;1,87;1,59;0,97;0,85;0,77
1363;1981-1982;24;3,32;0,77;11,67;2,74;4,61;5,89;2,01;1,87;1,45;0,85;0,85;0,77
1363;1981-1982;25;2,93;0,77;6,92;2,74;5,63;5,12;2,01;1,87;1,45;0,85;0,85;0,77
1363;1981-1982;26;8,00;0,77;4,87;2,93;11,09;4,61;2,01;2,15;1,33;0,85;0,85;0,77
1363;1981-1982;27;7,73;0,77;2,35;3,13;22,94;4,10;2,01;3,52;1,33;0,85;0,85;0,77
1363;1981-1982;28;5,63;0,68;5,38;3,32;18,12;3,71;2,01;4,61;1,33;0,85;0,85;0,77
1363;1981-1982;29;4,10;0,68;4,87;2,93;-;3,32;2,01;5,38;1,33;0,97;0,85;1,09
1363;1981-1982;30;3,32;0,85;12,88;2,93;-;3,13;2,01;5,89;1,21;0,97;0,85;1,33
1363;1981-1982;31;2,93;-;14,77;2,54;-;3,13;-;5,63;-;0,97;0,85;-
1363;1982-1983;1;0,85;2,15;7,19;7,73;3,32;11,09;24,79;9,35;4,10;1,33;1,87;4,87
1363;1982-1983;2;0,85;2,01;6,40;6,65;3,32;9,93;27,85;7,73;3,71;1,09;1,73;3,91
1363;1982-1983;3;0,85;1,87;5,38;6,40;3,13;8,81;21,18;7,19;3,52;3,13;1,73;3,13
1363;1982-1983;4;0,85;1,87;4,87;5,89;2,93;7,73;15,74;8,27;3,52;3,71;1,59;2,74
1363;1982-1983;5;1,73;1,73;8,00;5,38;3,13;6,92;17,10;9,35;3,52;4,10;1,87;2,93
1363;1982-1983;6;2,54;3,91;11,67;5,12;3,32;6,14;20,84;9,64;3,52;2,93;1,87;2,93
1363;1982-1983;7;3,52;27,85;12,88;5,38;4,36;5,89;26,29;8,00;3,32;2,15;1,73;2,93
1363;1982-1983;8;2,74;25,90;11,38;5,63;4,61;5,38;33,58;7,19;2,54;2,01;1,59;2,74
1363;1982-1983;9;1,87;13,83;9,35;4,87;4,10;5,12;28,63;6,14;2,35;1,73;1,59;2,74
1363;1982-1983;10;3,32;9,64;8,00;5,12;3,71;4,61;25,90;6,14;2,15;1,59;1,59;2,74
1363;1982-1983;11;3,71;7,73;6,92;5,12;3,71;4,61;22,20;5,12;1,87;1,45;1,59;2,74
1363;1982-1983;12;3,71;6,92;7,46;5,12;3,52;5,38;16,42;5,89;1,87;1,45;1,59;2,74
1363;1982-1983;13;5,12;13,83;8,27;4,61;3,71;4,61;13,51;5,38;2,15;1,45;1,59;2,74
1363;1982-1983;14;6,92;11,67;15,40;4,61;3,71;4,87;11,67;4,61;2,15;1,33;1,45;2,74
1363;1982-1983;15;4,87;15,09;17,78;4,36;3,71;4,87;10,22;4,61;2,15;1,33;1,59;2,74
1363;1982-1983;16;3,91;13,51;21,86;4,61;3,52;5,12;9,64;5,89;2,01;1,33;2,54;2,54
1363;1982-1983;17;3,32;17,78;20,50;4,36;3,52;6,65;10,51;5,38;1,87;1,33;2,74;2,54
1363;1982-1983;18;2,35;15,09;19,14;4,36;4,10;6,40;9,93;5,12;1,87;1,21;2,54;2,54
1363;1982-1983;19;2,35;11,09;15,40;4,10;9,93;6,14;15,40;4,87;1,87;1,21;2,15;2,54
1363;1982-1983;20;2,54;9,35;20,84;3,91;18,80;6,14;13,51;4,61;1,73;1,21;2,15;2,54
1363;1982-1983;21;2,54;7,73;25,53;3,52;21,52;5,63;12,57;4,36;1,59;1,21;2,01;2,54
1363;1982-1983;22;4,87;6,92;17,44;3,32;31,90;5,38;11,38;4,36;1,59;1,21;1,59;2,54
1363;1982-1983;23;6,40;6,14;17,44;3,13;32,74;4,61;11,67;4,36;1,33;1,21;5,12;2,54
1363;1982-1983;24;4,36;7,19;16,08;2,93;32,74;4,36;9,35;4,36;1,33;1,21;6,14;2,54
1363;1982-1983;25;3,32;5,63;18,12;2,93;31,48;4,87;8,00;4,36;1,45;1,33;10,22;2,54
1363;1982-1983;26;2,93;4,87;24,05;2,93;22,20;5,12;6,92;4,36;1,45;2,35;20,84;2,15
1363;1982-1983;27;2,54;4,10;18,80;3,13;17,44;6,92;6,40;4,10;1,59;3,13;12,25;2,01
1363;1982-1983;28;2,35;5,63;14,77;3,13;13,51;9,93;6,14;4,10;1,59;2,54;8,81;1,73
1363;1982-1983;29;2,15;9,35;12,25;3,32;-;17,78;5,89;4,10;1,33;2,15;6,65;1,33
1363;1982-1983;30;2,15;8,00;10,51;3,32;-;16,08;8,54;4,10;1,33;2,35;5,38;1,33
1363;1982-1983;31;2,01;-;8,81;3,32;-;16,76;-;4,10;-;2,15;6,92;-
1363;1983-1984;1;1,33;1,09;2,93;4,36;4,87;4,61;17,44;3,91;11,10;2,15;0,85;0,68
1363;1983-1984;2;1,33;1,09;2,93;4,36;6,65;4,87;16,76;4,10;7,95;2,15;0,85;0,68
1363;1983-1984;3;1,33;1,09;2,93;4,61;9,35;5,12;22,20;6,14;9,35;2,01;0,85;0,68
1363;1983-1984;4;1,33;1,09;2,93;4,61;11,67;5,38;23,68;7,46;10,05;2,01;0,85;0,68
1363;1983-1984;5;1,33;1,09;3,13;4,61;9,93;6,14;16,42;6,92;11,10;1,87;0,85;0,68
1363;1983-1984;6;1,33;1,09;3,13;6,14;9,93;7,19;12,57;6,65;11,80;1,87;0,85;0,97
1363;1983-1984;7;1,33;1,09;3,13;12,25;8,54;9,35;10,51;6,14;13,90;1,87;0,85;0,85
1363;1983-1984;8;1,33;1,73;3,32;22,20;13,51;10,80;9,93;5,38;12,15;1,73;0,85;0,85
1363;1983-1984;9;1,33;2,35;3,32;18,46;18,80;10,51;9,08;5,12;11,80;1,73;0,85;0,85
1363;1983-1984;10;1,21;2,01;3,32;12,25;16,76;9,64;8,27;4,10;11,45;1,73;0,85;0,77
1363;1983-1984;11;1,21;1,21;3,71;9,64;11,96;8,00;8,00;4,10;10,40;1,59;0,85;0,77
1363;1983-1984;12;1,09;1,09;3,91;8,27;9,35;6,92;7,73;4,10;9,70;1,59;0,85;0,77
1363;1983-1984;13;1,09;1,09;4,10;7,73;7,73;6,65;7,73;3,91;8,30;1,59;0,85;0,77
1363;1983-1984;14;1,09;0,97;3,91;7,19;6,40;6,14;7,73;3,91;7,60;1,59;0,85;0,77
1363;1983-1984;15;0,97;1,09;3,91;7,46;5,63;5,63;8,00;4,10;6,62;1,59;0,85;0,77
1363;1983-1984;16;0,97;1,09;4,87;6,92;5,63;5,63;7,19;6,40;5,99;1,45;0,85;0,77
1363;1983-1984;17;0,85;1,09;3,91;6,14;5,12;5,89;6,14;9,08;4,10;1,45;0,85;0,77
1363;1983-1984;18;0,85;1,33;5,38;5,89;4,61;5,89;6,14;11,09;4,73;1,33;0,85;0,77
1363;1983-1984;19;0,85;1,21;9,64;6,14;4,10;5,89;5,63;25,90;4,10;1,33;0,85;0,77
1363;1983-1984;20;0,85;1,21;8,27;5,89;4,10;6,14;5,63;32,13;4,10;1,33;0,85;0,77
1363;1983-1984;21;0,85;1,33;8,27;5,89;4,10;7,46;5,63;23,05;3,71;1,21;0,85;0,77
1363;1983-1984;22;0,85;3,13;6,65;8,27;4,10;8,00;5,63;18,82;3,71;1,21;0,97;0,77
1363;1983-1984;23;0,85;3,32;11,09;8,81;6,92;7,19;5,38;16,00;3,32;1,21;1,21;0,77
1363;1983-1984;24;0,85;3,13;11,67;8,27;9,35;11,09;5,38;17,40;3,32;1,09;1,09;0,77
1363;1983-1984;25;0,85;3,13;7,19;6,65;7,73;9,64;6,14;19,88;2,93;0,97;1,09;0,77
1363;1983-1984;26;0,85;3,13;5,89;5,63;5,89;7,73;5,38;19,53;2,74;0,97;0,85;0,77
1363;1983-1984;27;0,85;2,93;5,38;5,63;5,12;6,92;5,12;18,46;2,54;0,97;0,85;0,77
1363;1983-1984;28;0,85;2,93;5,38;5,63;4,61;13,20;4,61;16,70;2,54;0,97;0,85;0,77
1363;1983-1984;29;0,85;2,93;5,63;5,12;4,61;11,96;4,10;14,25;2,54;0,97;0,85;1,09
1363;1983-1984;30;0,85;2,93;5,38;4,61;-;12,25;4,10;13,20;2,35;0,97;0,77;1,09
1363;1983-1984;31;1,09;-;5,12;4,61;-;17,44;-;12,15;-;0,97;0,77;-
1363;1984-1985;1;1,21;1,21;15,65;9,35;6,62;9,35;8,30;7,95;7,60;1,87;1,33;0,85
1363;1984-1985;2;1,33;1,59;11,80;9,00;5,99;7,25;10,75;7,95;9,70;1,87;1,33;0,85
1363;1984-1985;3;1,59;2,54;12,50;7,95;5,68;7,95;12,50;7,60;9,00;2,54;1,33;0,85
1363;1984-1985;4;4,10;1,33;11,45;6,94;5,05;5,68;12,15;7,25;8,30;2,15;1,33;0,85
1363;1984-1985;5;13,20;1,33;10,05;6,62;4,42;4,73;13,90;6,94;7,95;2,01;1,33;0,85
1363;1984-1985;6;16,70;1,33;8,65;5,99;4,73;4,10;12,50;6,62;7,60;2,01;1,33;0,85
1363;1984-1985;7;9,35;2,93;8,30;5,36;7,95;4,10;12,50;6,31;6,94;1,87;1,33;0,85
1363;1984-1985;8;5,68;10,05;9,00;4,73;13,90;4,10;11,80;8,65;6,62;1,87;1,21;0,85
1363;1984-1985;9;5,05;5,36;6,31;4,10;14,95;4,10;11,45;9,35;5,36;2,93;1,21;0,85
1363;1984-1985;10;5,05;4,10;6,31;3,71;14,95;3,91;10,40;12,15;5,05;2,54;1,21;0,85
1363;1984-1985;11;4,73;3,71;5,36;3,71;16,00;3,91;9,35;14,25;4,73;2,15;1,21;0,85
1363;1984-1985;12;4,73;4,73;4,73;3,52;18,82;3,71;8,65;20,95;4,73;2,01;1,21;0,85
1363;1984-1985;13;4,10;10,05;5,36;3,13;17,05;3,32;7,95;22,00;4,73;2,01;1,21;0,85
1363;1984-1985;14;2,15;9,35;4,73;3,13;14,25;3,32;7,25;18,11;4,73;1,87;1,09;0,85
1363;1984-1985;15;2,15;7,60;3,71;3,13;16,35;3,32;6,31;16,00;4,42;1,87;1,09;0,77
1363;1984-1985;16;2,15;24,10;4,73;3,13;16,35;3,32;5,68;14,25;4,10;1,87;1,09;0,77
1363;1984-1985;17;1,87;18,46;4,42;4,10;12,15;3,32;5,68;12,50;4,10;1,73;1,09;0,77
1363;1984-1985;18;1,73;12,85;4,42;11,80;11,45;5,99;5,68;11,80;3,91;1,73;1,09;0,77
1363;1984-1985;19;1,73;12,15;4,42;9,00;12,15;20,95;5,68;11,45;3,91;1,73;1,09;0,77
1363;1984-1985;20;1,87;11,80;3,91;7,60;12,50;19,88;5,68;10,05;3,71;1,59;1,09;0,77
1363;1984-1985;21;1,73;11,45;11,45;3,32;10,75;14,60;6,62;9,35;3,52;1,59;0,97;0,77
1363;1984-1985;22;1,59;14,95;13,20;19,88;9,35;15,30;6,31;8,65;3,52;1,59;0,97;0,77
1363;1984-1985;23;1,59;14,95;10,05;15,30;8,30;13,90;12,15;7,95;3,32;1,59;0,97;0,77
1363;1984-1985;24;1,59;11,45;10,40;11,80;7,95;12,15;14,95;7,25;3,13;1,59;0,97;0,77
1363;1984-1985;25;1,59;9,00;11,45;11,45;7,25;10,75;16,35;6,62;2,93;1,59;0,97;0,77
1363;1984-1985;26;1,59;12,85;11,80;14,95;6,62;9,00;13,90;6,62;2,74;1,59;0,97;0,77
1363;1984-1985;27;1,45;10,40;12,15;10,75;6,62;7,95;12,15;6,62;2,54;1,45;0,97;0,77
1363;1984-1985;28;1,45;8,65;9,00;9,00;6,62;7,25;11,45;7,60;2,35;1,45;0,97;0,77
1363;1984-1985;29;1,33;6,94;7,95;8,65;-;6,62;10,05;7,60;2,15;1,45;0,97;0,77
1363;1984-1985;30;1,33;18,11;8,65;7,60;-;5,99;8,65;7,60;2,01;1,45;0,85;0,77
1363;1984-1985;31;1,33;-;8,65;6,94;-;6,31;-;7,95;-;1,45;0,85;-
1363;1985-1986;1;0,77;0,60;1,59;2,93;5,36;15,65;6,94;7,25;2,74;1,59;0,97;0,85
1363;1985-1986;2;0,77;0,60;2,15;6,94;4,42;16,70;7,25;9,35;2,74;1,45;0,97;0,85
1363;1985-1986;3;0,77;0,60;1,87;4,42;4,10;13,90;8,30;8,65;2,74;1,45;0,97;0,85
1363;1985-1986;4;0,77;0,60;1,45;4,10;3,71;10,75;7,60;7,60;2,74;1,33;0,97;0,85
1363;1985-1986;5;0,77;0,60;1,21;3,32;3,71;10,05;7,60;7,60;2,54;1,33;0,85;0,85
1363;1985-1986;6;0,68;0,60;1,09;3,32;3,52;9,70;7,25;7,25;4,73;1,21;0,85;0,85
1363;1985-1986;7;0,68;0,60;1,09;3,32;3,13;9,35;7,25;6,94;4,10;1,21;0,85;0,77
1363;1985-1986;8;0,68;0,60;0,97;3,32;4,10;7,95;6,94;6,62;3,71;1,21;0,85;0,77
1363;1985-1986;9;0,68;0,60;0,97;3,13;4,42;7,25;6,94;8,30;3,52;1,21;0,85;0,77
1363;1985-1986;10;0,68;0,85;0,97;3,13;3,91;6,94;6,94;12,15;2,93;1,21;0,97;0,77
1363;1985-1986;11;0,68;1,09;1,21;3,13;3,71;6,62;8,30;12,85;2,74;1,21;1,09;0,77
1363;1985-1986;12;0,68;1,21;1,09;2,93;3,71;6,31;8,65;13,20;2,54;1,21;0,97;1,73
1363;1985-1986;13;0,68;1,21;1,09;2,93;5,68;6,94;7,95;12,50;2,35;1,21;0,97;1,09
1363;1985-1986;14;0,68;1,09;1,09;2,93;9,00;7,25;9,35;11,10;2,35;1,21;0,97;2,15
1363;1985-1986;15;0,68;1,09;0,97;3,32;10,75;7,25;11,45;10,05;2,15;1,21;0,85;1,45
1363;1985-1986;16;0,68;1,09;0,97;15,65;20,24;6,94;11,10;10,75;2,15;1,21;0,85;1,73
1363;1985-1986;17;0,68;1,09;0,97;10,05;23,05;7,95;10,75;10,40;2,01;1,21;0,97;3,52
1363;1985-1986;18;0,68;1,09;0,97;7,60;21,65;10,40;10,05;9,70;2,01;1,21;0,97;4,10
1363;1985-1986;19;0,68;1,09;0,97;6,31;20,95;9,70;9,35;9,00;1,87;1,21;0,97;3,71
1363;1985-1986;20;0,68;1,09;0,85;5,68;12,15;9,35;8,65;7,60;1,87;1,09;0,97;2,54
1363;1985-1986;21;0,68;0,97;0,85;5,68;10,40;11,10;10,75;5,99;1,87;1,09;0,85;2,01
1363;1985-1986;22;0,68;0,97;0,85;5,36;10,05;10,40;12,15;5,68;1,73;1,09;0,85;1,73
1363;1985-1986;23;0,68;0,97;0,85;4,73;21,65;10,75;9,70;5,36;2,15;1,09;0,85;4,73
1363;1985-1986;24;0,68;0,85;1,09;4,10;24,10;12,85;8,30;4,73;2,01;1,33;0,85;6,31
1363;1985-1986;25;0,68;0,85;9,00;3,91;20,24;14,25;7,25;4,10;1,87;1,33;0,85;4,10
1363;1985-1986;26;0,68;0,85;3,52;3,32;14,60;10,75;6,94;3,91;1,87;1,21;0,85;3,32
1363;1985-1986;27;0,68;0,85;2,74;3,32;13,90;9,00;6,94;3,91;1,73;1,21;0,85;3,32
1363;1985-1986;28;0,68;0,85;3,13;3,13;14,95;8,30;6,94;3,52;1,73;1,09;0,85;2,93
1363;1985-1986;29;0,68;0,85;2,54;3,32;-;7,95;6,62;3,52;1,59;1,09;0,85;2,93
1363;1985-1986;30;0,60;0,85;2,15;3,52;-;6,94;6,62;3,32;1,59;1,09;0,85;2,74
1363;1985-1986;31;0,60;-;1,87;4,10;-;6,94;-;2,93;-;0,97;0,85;-
1363;1986-1987;1;2,01;2,01;1,73;6,62;9,35;20,59;7,25;4,42;1,87;1,45;1,09;1,21
1363;1986-1987;2;1,87;1,87;1,73;6,62;9,70;16,70;11,80;4,73;1,73;1,33;1,09;1,21
1363;1986-1987;3;1,73;1,73;1,73;6,31;8,30;13,55;11,10;4,73;1,73;1,73;0,97;1,21
1363;1986-1987;4;2,74;1,73;1,59;5,36;6,62;11,80;8,65;4,42;1,73;1,45;0,97;1,09
1363;1986-1987;5;2,15;1,59;1,59;3,91;5,68;10,05;7,25;3,91;1,73;1,21;0,97;1,09
1363;1986-1987;6;2,01;1,59;1,59;3,71;4,73;9,00;6,62;3,71;1,73;1,21;0,97;1,09
1363;1986-1987;7;1,87;1,59;1,59;3,32;4,42;8,30;14,60;3,32;1,73;1,21;0,97;1,09
1363;1986-1987;8;1,59;1,59;1,73;3,32;4,42;7,25;12,15;3,13;1,73;1,09;0,97;1,09
1363;1986-1987;9;1,59;1,59;2,01;3,13;4,42;6,94;9,70;3,13;1,73;1,09;1,21;0,97
1363;1986-1987;10;1,45;1,45;2,01;5,05;4,42;5,68;7,95;2,93;1,59;1,09;1,09;0,97
1363;1986-1987;11;1,59;1,45;1,87;4,42;4,10;5,36;6,94;2,93;1,59;1,21;1,09;0,97
1363;1986-1987;12;1,59;2,54;1,87;4,10;6,62;5,36;6,31;3,13;1,59;1,09;1,09;0,97
1363;1986-1987;13;1,59;2,54;1,87;3,91;6,94;5,05;5,99;3,13;2,74;1,21;0,97;0,85
1363;1986-1987;14;1,59;3,71;2,54;3,71;8,65;4,73;5,68;2,93;2,54;1,59;0,97;0,85
1363;1986-1987;15;2,15;11,80;2,54;3,71;8,65;3,91;5,05;2,93;2,35;1,45;0,97;0,85
1363;1986-1987;16;3,52;5,05;2,93;3,91;10,75;3,32;4,73;2,93;2,15;1,33;0,97;0,85
1363;1986-1987;17;4,42;3,52;2,93;3,91;13,90;3,13;4,73;2,93;2,01;1,45;0,97;0,77
1363;1986-1987;18;4,73;2,93;2,93;3,91;13,20;3,13;4,42;2,93;1,87;1,33;0,97;0,77
1363;1986-1987;19;4,10;2,74;2,74;4,42;11,45;2,93;4,10;2,93;1,73;1,33;0,85;0,68
1363;1986-1987;20;3,32;2,74;2,93;4,42;9,70;2,93;3,52;2,74;2,01;1,21;0,85;0,68
1363;1986-1987;21;2,93;2,74;4,10;4,42;8,30;2,93;3,52;2,54;1,87;1,21;0,85;0,68
1363;1986-1987;22;2,93;2,54;6,31;4,42;7,95;2,93;3,32;2,54;1,87;1,09;0,85;0,68
1363;1986-1987;23;5,68;2,54;5,99;3,91;7,95;2,93;3,32;2,54;1,73;1,09;0,85;0,77
1363;1986-1987;24;3,32;2,35;5,05;4,73;8,30;2,74;5,68;2,54;1,59;1,09;0,97;0,85
1363;1986-1987;25;2,93;2,15;4,73;5,36;17,05;3,91;7,60;2,35;1,45;1,09;0,97;0,97
1363;1986-1987;26;2,93;2,15;4,42;21,30;16,35;5,99;5,36;2,35;1,45;1,09;0,97;1,33
1363;1986-1987;27;2,93;2,01;15,30;23,75;17,75;5,36;5,05;2,35;1,45;1,09;0,97;6,62
1363;1986-1987;28;2,74;2,01;14,25;22,00;28,20;5,05;5,05;2,15;1,45;1,09;0,97;2,74
1363;1986-1987;29;2,35;1,87;9,35;17,75;-;4,73;4,73;2,01;1,45;1,09;0,97;1,87
1363;1986-1987;30;2,15;1,87;6,94;14,60;-;5,05;4,73;1,87;1,45;1,09;0,85;1,59
1363;1986-1987;31;2,15;-;6,62;11,45;-;5,36;-;1,87;-;1,09;0,85;-
1363;1987-1988;1;1,45;9,69;8,63;2,85;13,55;5,28;10,04;8,98;4,40;3,03;1,59;0,97
1363;1987-1988;2;1,59;7,25;7,25;3,24;11,45;5,91;10,40;8,63;4,10;3,03;1,59;0,97
1363;1987-1988;3;2,33;5,58;9,69;3,46;10,40;5,91;10,04;7,94;3,89;2,85;4,69;0,85
1363;1987-1988;4;3,89;4,69;65,00;3,03;8,63;6,25;41,37;7,25;3,67;2,68;3,24;0,85
1363;1987-1988;5;2,50;3,89;35,57;4,10;8,29;5,91;42,85;6,92;3,46;4,99;2,85;0,97
1363;1987-1988;6;2,01;3,46;22,00;14,95;13,55;14,95;42,85;6,92;3,46;3,67;2,33;0,97
1363;1987-1988;7;1,73;3,03;20,95;8,63;14,95;16,35;42,09;7,94;3,67;3,46;2,01;0,97
1363;1987-1988;8;1,59;3,03;20,95;7,25;11,45;16,35;35,57;7,94;3,67;3,24;1,73;0,97
1363;1987-1988;9;1,45;3,03;15,30;5,58;14,95;14,95;39,18;8,98;3,67;3,24;1,73;0,97
1363;1987-1988;10;2,85;3,03;13,20;4,69;12,15;12,50;37,73;10,04;3,24;2,68;1,73;0,97
1363;1987-1988;11;4,10;4,69;13,90;5,28;10,75;12,85;17,05;10,04;3,24;2,50;1,73;0,97
1363;1987-1988;12;4,40;4,10;13,20;4,69;9,33;12,50;19,88;9,33;3,46;2,68;1,73;0,97
1363;1987-1988;13;3,67;3,46;25,49;4,69;7,94;11,80;20,95;9,33;3,46;2,50;1,59;0,97
1363;1987-1988;14;3,24;3,89;22,00;4,10;7,25;11,45;20,95;9,33;6,58;2,33;1,59;0,97
1363;1987-1988;15;8,63;3,89;18,46;6,92;5,91;13,55;24,80;12,50;6,58;2,15;1,45;0,97
1363;1987-1988;16;18,82;4,10;24,45;5,28;5,28;17,05;26,17;17,05;4,99;2,01;1,45;0,97
1363;1987-1988;17;15,30;3,89;23,41;4,69;4,69;14,60;20,24;17,05;3,67;1,87;1,33;0,97
1363;1987-1988;18;13,90;3,67;20,95;4,10;4,69;14,25;27,53;15,65;3,46;1,87;1,33;0,97
1363;1987-1988;19;4,69;3,24;14,95;4,10;4,69;12,85;22,00;13,90;3,46;3,24;1,33;0,97
1363;1987-1988;20;5,91;4,40;11,45;4,69;4,10;13,55;17,40;12,85;3,67;4,69;1,33;0,97
1363;1987-1988;21;5,28;2,85;8,63;4,10;3,89;14,60;14,25;11,45;3,67;2,85;1,21;0,97
1363;1987-1988;22;4,69;2,85;7,25;4,10;3,46;14,60;13,55;9,33;3,46;2,85;1,21;0,97
1363;1987-1988;23;4,40;8,63;5,91;4,69;3,67;11,10;13,90;8,63;3,89;2,33;1,09;0,97
1363;1987-1988;24;3,89;11,45;5,28;4,40;3,67;10,04;13,55;7,94;3,89;2,50;1,09;0,97
1363;1987-1988;25;3,67;14,25;4,69;9,33;3,46;9,33;13,55;7,25;3,46;2,15;1,09;0,97
1363;1987-1988;26;3,46;12,50;4,10;6,25;3,46;9,33;13,90;6,92;3,24;2,15;1,09;0,97
1363;1987-1988;27;6,25;13,55;3,89;11,45;3,67;9,33;12,85;6,92;3,24;2,01;1,09;0,97
1363;1987-1988;28;17,75;13,55;3,89;9,33;3,67;7,25;14,60;6,58;3,24;1,87;1,09;1,09
1363;1987-1988;29;10,04;13,20;3,46;20,59;3,67;6,58;10,40;5,91;3,24;1,87;1,09;1,09
1363;1987-1988;30;7,94;9,33;2,85;17,75;-;8,98;9,33;5,58;3,24;1,87;1,09;1,33
1363;1987-1988;31;14,25;-;3,89;13,55;-;8,98;-;4,69;-;2,01;0,97;-
1363;1988-1989;1;1,17;0,92;1,31;1,03;1,03;11,80;9,07;17,91;18,57;1,74;0,81;0,81
1363;1988-1989;2;1,17;0,92;2,63;1,03;1,03;13,17;8,73;15,89;15,21;1,74;0,81;0,81
1363;1988-1989;3;1,17;0,92;1,92;1,03;1,03;9,74;7,14;13,17;13,51;1,46;0,81;0,81
1363;1988-1989;4;1,17;0,92;1,60;1,03;1,03;7,74;13,85;11,80;11,12;1,60;0,81;0,81
1363;1988-1989;5;1,17;0,92;1,31;1,03;1,03;6,84;12,49;10,43;8,07;1,46;1,31;0,92
1363;1988-1989;6;1,17;0,92;2,10;1,03;1,03;6,84;12,15;9,07;7,14;1,74;1,03;0,92
1363;1988-1989;7;1,03;0,92;1,92;14,53;1,03;6,53;12,83;7,74;6,53;1,92;1,03;0,92
1363;1988-1989;8;1,03;1,03;1,60;5,96;1,03;5,96;12,49;5,96;5,96;1,60;1,03;0,92
1363;1988-1989;9;1,03;1,03;1,46;3,46;0,92;4,88;19,91;5,42;5,15;1,46;1,03;1,03
1363;1988-1989;10;1,03;1,03;1,31;3,25;0,92;3,91;16,90;4,88;4,39;1,60;1,03;1,03
1363;1988-1989;11;0,92;1,03;1,17;2,84;0,92;3,67;16,56;4,15;4,39;1,46;1,03;1,03
1363;1988-1989;12;0,92;0,92;1,17;2,63;0,92;3,67;16,90;4,15;4,15;1,46;1,03;1,03
1363;1988-1989;13;0,92;0,92;1,17;2,27;0,92;3,67;14,53;3,46;3,91;1,46;1,03;0,92
1363;1988-1989;14;4,39;1,03;1,03;1,92;0,92;3,25;12,15;3,46;3,67;1,31;1,03;0,92
1363;1988-1989;15;3,04;1,03;1,03;1,92;0,92;3,25;12,15;3,25;3,25;1,17;0,92;0,92
1363;1988-1989;16;1,92;1,03;1,03;1,92;0,92;3,04;12,83;3,04;3,04;1,03;0,92;0,81
1363;1988-1989;17;1,60;1,03;1,03;1,92;0,92;3,04;9,74;3,04;3,04;1,03;0,81;0,81
1363;1988-1989;18;1,31;1,03;1,03;1,60;0,92;3,04;8,73;2,84;2,84;1,03;0,81;0,81
1363;1988-1989;19;1,31;1,03;0,92;1,60;0,92;2,84;9,74;2,84;2,63;1,03;0,81;0,81
1363;1988-1989;20;1,31;1,03;0,92;1,46;1,17;2,63;10,43;2,63;2,45;1,03;0,81;0,81
1363;1988-1989;21;1,31;1,03;3,46;1,31;1,46;3,46;9,74;2,63;2,27;1,03;0,81;0,81
1363;1988-1989;22;1,31;1,03;3,46;1,17;1,46;3,91;9,40;2,84;2,27;1,03;0,81;0,81
1363;1988-1989;23;1,31;0,92;2,10;1,17;1,74;3,67;10,43;3,04;2,10;1,03;0,81;0,81
1363;1988-1989;24;1,46;0,92;1,74;1,17;1,46;3,46;9,74;5,69;1,92;1,03;0,81;0,81
1363;1988-1989;25;1,46;0,81;1,60;1,17;3,46;3,25;26,26;4,15;1,92;1,03;0,81;0,70
1363;1988-1989;26;1,31;0,81;1,46;1,17;3,25;3,04;25,91;3,91;1,74;1,03;0,81;0,70
1363;1988-1989;27;1,17;0,81;1,46;1,17;3,04;3,04;19,58;3,91;1,92;1,03;0,81;0,70
1363;1988-1989;28;1,17;0,81;1,31;1,17;4,88;11,12;26,60;3,91;1,74;0,92;0,81;0,60
1363;1988-1989;29;1,17;0,81;1,17;1,03;-;11,46;25,22;11,12;1,74;0,92;0,81;0,60
1363;1988-1989;30;1,03;0,81;1,03;1,03;-;13,17;21,24;13,85;1,74;0,92;0,81;0,60
1363;1988-1989;31;1,03;-;1,03;1,03;-;11,46;-;21,57;-;0,92;0,81;-
1363;1989-1990;1;0,70;0,70;6,84;3,25;4,15;1,92;2,63;18,04;2,84;1,46;0,92;0,81
1363;1989-1990;2;0,70;0,60;7,44;3,04;2,63;2,10;2,84;13,18;2,84;1,46;0,92;0,81
1363;1989-1990;3;0,70;0,60;6,23;3,25;5,96;2,10;4,15;10,44;3,91;1,46;0,92;0,81
1363;1989-1990;4;0,70;0,60;4,39;3,25;4,88;2,10;4,15;8,51;3,67;1,60;0,92;0,81
1363;1989-1990;5;0,70;0,60;3,46;3,25;5,69;1,92;4,88;6,54;3,46;1,60;0,92;0,92
1363;1989-1990;6;0,60;0,81;3,25;3,04;4,88;1,92;6,84;6,23;3,46;1,46;0,92;0,92
1363;1989-1990;7;0,60;1,03;2,84;3,04;4,39;1,92;9,28;5,42;3,46;1,31;0,92;0,81
1363;1989-1990;8;0,60;1,60;2,63;2,84;4,63;1,92;7,74;5,15;3,46;1,31;0,81;0,81
1363;1989-1990;9;0,60;1,03;2,63;2,84;4,63;1,92;11,22;4,88;3,46;1,31;0,81;0,81
1363;1989-1990;10;0,60;1,03;2,27;2,84;5,42;1,92;10,44;6,23;3,46;1,31;0,81;0,92
1363;1989-1990;11;0,60;1,03;2,27;3,04;5,15;1,92;21,80;5,42;3,46;1,31;0,81;0,92
1363;1989-1990;12;0,60;1,31;3,25;2,84;4,39;1,92;18,46;4,88;3,46;1,31;0,81;0,92
1363;1989-1990;13;0,60;1,92;3,67;2,84;3,67;2,10;15,59;4,88;3,46;1,31;0,81;0,81
1363;1989-1990;14;0,60;1,46;3,04;2,27;3,67;2,10;13,58;4,39;3,25;1,31;0,81;0,81
1363;1989-1990;15;0,60;1,31;17,22;2,10;3,46;2,10;11,61;4,63;3,04;1,31;0,81;0,81
1363;1989-1990;16;0,60;1,03;35,34;2,10;3,25;2,10;13,98;4,63;2,84;1,31;0,81;0,81
1363;1989-1990;17;0,49;1,03;32,65;3,25;3,04;2,10;15,59;3,91;2,63;1,31;0,81;0,81
1363;1989-1990;18;0,49;1,31;33,99;2,63;2,63;1,92;14,38;3,25;2,27;1,31;0,81;0,81
1363;1989-1990;19;0,49;20,54;24,78;2,27;2,45;1,92;12,79;3,67;2,27;1,17;0,81;0,81
1363;1989-1990;20;0,70;20,12;17,22;2,10;2,45;1,92;12,00;3,25;2,27;1,17;0,81;0,92
1363;1989-1990;21;0,70;11,61;26,07;2,10;2,27;2,10;13,18;3,25;2,27;1,17;0,81;0,92
1363;1989-1990;22;0,70;7,74;28,24;2,10;2,10;2,10;15,18;3,46;2,10;1,17;0,81;0,92
1363;1989-1990;23;0,81;5,42;18,87;2,10;2,10;2,63;19,70;4,63;2,10;1,17;0,81;0,92
1363;1989-1990;24;0,81;4,39;12,79;2,10;2,27;4,39;37,13;4,15;1,92;1,03;0,81;0,81
1363;1989-1990;25;0,70;3,67;10,83;2,27;2,27;3,91;37,58;3,91;1,92;1,03;0,81;0,70
1363;1989-1990;26;0,70;3,04;9,28;2,63;2,10;3,04;31,33;3,67;1,92;1,03;1,03;0,70
1363;1989-1990;27;0,70;3,04;7,44;2,27;2,10;2,84;26,51;3,67;1,74;1,03;0,92;0,81
1363;1989-1990;28;1,03;3,25;6,84;4,39;2,10;2,63;21,80;3,67;1,74;1,03;0,81;0,81
1363;1989-1990;29;0,92;3,04;5,96;4,88;-;2,27;21,38;3,67;1,60;0,92;0,81;0,81
1363;1989-1990;30;0,70;2,84;4,88;3,46;-;2,27;18,46;3,25;1,60;0,92;0,81;0,81
1363;1989-1990;31;0,60;-;3,67;3,46;-;2,45;-;3,04;-;0,92;0,81;-
1363;1990-1991;1;0,60;3,91;4,39;19,70;3,04;3,91;17,22;12,40;13,58;1,92;0,92;0,70
1363;1990-1991;2;0,60;2,63;3,91;14,78;2,84;7,74;16,40;27,37;10,05;1,74;0,92;0,70
1363;1990-1991;3;0,60;2,27;3,91;11,61;2,84;9,66;15,59;29,12;8,51;1,74;0,92;0,70
1363;1990-1991;4;0,70;3,46;3,67;10,05;2,63;15,59;13,98;20,96;7,44;1,60;0,92;0,70
1363;1990-1991;5;0,92;3,04;3,46;10,05;2,63;48,16;12,79;28,68;6,84;1,46;0,92;0,70
1363;1990-1991;6;1,03;2,84;3,25;7,74;2,63;53,33;10,83;23,92;6,54;1,31;0,81;0,70
1363;1990-1991;7;0,81;2,84;3,46;12,40;2,63;41,68;11,22;20,54;5,96;1,31;0,81;0,70
1363;1990-1991;8;1,31;7,74;3,91;11,61;2,63;30,44;11,61;26,07;5,42;1,17;0,81;0,70
1363;1990-1991;9;6,23;7,44;4,15;10,05;2,63;23,92;11,61;26,07;4,88;1,17;0,81;0,70
1363;1990-1991;10;3,04;5,42;4,15;18,04;2,63;21,80;12,40;22,22;4,88;1,03;0,81;0,81
1363;1990-1991;11;3,04;3,91;19,70;27,37;2,27;20,54;12,79;20,96;4,39;1,03;0,81;0,81
1363;1990-1991;12;2,27;3,91;18,46;15,59;2,10;34,44;13,58;19,70;3,91;1,03;0,81;0,81
1363;1990-1991;13;1,74;3,04;31,33;12,79;2,10;32,65;13,58;24,78;3,67;1,03;0,81;0,81
1363;1990-1991;14;1,31;2,84;20,12;10,05;1,92;26,07;13,18;30,44;3,46;1,03;0,81;0,81
1363;1990-1991;15;7,74;2,63;13,98;7,74;1,92;21,80;20,54;29,12;3,25;1,03;0,81;0,81
1363;1990-1991;16;4,39;2,10;9,66;6,84;1,92;20,96;22,22;27,37;3,25;1,03;0,81;0,70
1363;1990-1991;17;9,28;1,92;7,74;6,23;2,63;19,70;19,70;25,21;3,25;1,03;0,70;0,70
1363;1990-1991;18;5,15;1,74;6,54;5,42;3,04;15,59;17,22;23,07;3,04;0,92;0,70;0,70
1363;1990-1991;19;4,39;1,74;5,96;5,15;3,46;14,78;12,79;22,22;2,84;0,92;0,70;0,70
1363;1990-1991;20;3,25;1,60;4,88;5,15;3,46;12,79;11,61;19,70;2,63;0,92;0,70;0,70
1363;1990-1991;21;3,04;2,27;4,63;5,15;3,46;13,18;10,44;18,04;2,63;0,92;0,70;0,70
1363;1990-1991;22;3,04;2,27;4,39;4,88;3,25;11,61;10,05;17,22;2,63;1,03;0,70;0,70
1363;1990-1991;23;3,04;1,92;4,39;4,39;3,25;17,63;8,51;15,99;2,63;1,03;0,70;0,70
1363;1990-1991;24;3,04;2,84;4,39;4,15;3,04;18,04;7,74;13,98;2,45;1,03;0,70;0,70
1363;1990-1991;25;2,63;3,46;4,63;3,91;3,04;31,77;8,13;11,61;2,27;1,03;0,70;0,70
1363;1990-1991;26;3,67;2,45;7,44;3,46;3,67;29,12;10,05;10,05;2,27;0,92;0,70;0,70
1363;1990-1991;27;2,84;4,39;29,12;3,46;3,67;23,07;11,61;9,28;2,27;0,92;0,70;0,70
1363;1990-1991;28;2,63;6,84;27,81;3,46;3,46;22,65;12,00;8,51;2,10;0,92;0,70;0,70
1363;1990-1991;29;3,04;5,69;44,45;3,25;-;23,92;12,00;9,28;1,92;0,92;0,70;0,81
1363;1990-1991;30;2,63;4,88;34,89;3,25;-;20,54;12,40;9,28;1,92;0,92;0,70;11,61
1363;1990-1991;31;4,15;-;28,24;3,04;-;18,87;-;12,00;-;0,92;0,70;-
1363;1991-1992;1;3,46;2,27;8,51;1,60;1,31;1,03;6,54;12,40;2,63;5,42;1,46;1,60
1363;1991-1992;2;2,45;1,92;7,14;1,60;1,31;1,03;8,90;18,87;3,04;5,15;1,31;1,46
1363;1991-1992;3;1,92;1,92;6,54;1,60;1,31;1,03;22,65;15,59;3,25;4,39;1,31;1,17
1363;1991-1992;4;1,46;2,63;5,42;1,46;1,31;1,03;28,24;13,18;3,04;3,46;1,31;1,03
1363;1991-1992;5;1,31;2,63;4,88;1,46;1,31;1,03;38,04;13,18;3,04;3,46;1,17;1,03
1363;1991-1992;6;1,31;2,84;4,39;1,46;1,31;1,03;21,80;11,61;3,04;3,67;1,17;1,03
1363;1991-1992;7;1,46;2,84;4,39;1,46;1,31;1,03;19,70;10,83;3,25;3,46;1,17;1,03
1363;1991-1992;8;1,46;2,84;3,91;2,63;1,31;1,03;29,12;10,44;3,04;3,25;5,96;1,03
1363;1991-1992;9;2,45;2,27;3,67;7,44;1,17;1,03;33,10;10,83;3,04;3,04;3,04;1,03
1363;1991-1992;10;3,25;3,04;3,67;3,91;1,17;1,03;25,21;10,05;3,04;3,04;2,45;1,03
1363;1991-1992;11;3,67;2,84;3,46;3,04;1,46;1,03;24,35;9,66;2,63;2,84;1,60;1,03
1363;1991-1992;12;3,91;2,63;3,25;2,84;1,46;1,03;22,22;8,90;2,63;2,63;1,46;1,17
1363;1991-1992;13;1,60;3,91;3,25;2,63;2,84;1,03;21,80;8,51;2,45;2,45;1,46;1,17
1363;1991-1992;14;1,60;5,15;3,25;2,27;2,10;1,03;22,22;6,84;2,45;2,45;1,46;1,17
1363;1991-1992;15;3,67;8,90;3,04;2,10;1,74;1,03;26,51;5,96;2,63;2,45;1,31;1,17
1363;1991-1992;16;3,91;6,54;2,84;2,10;1,60;1,03;22,65;5,69;4,88;2,10;1,31;1,03
1363;1991-1992;17;2,84;4,88;2,84;1,92;1,46;1,03;17,22;5,15;7,74;2,10;1,17;1,03
1363;1991-1992;18;2,27;3,91;2,63;1,92;1,46;1,03;18,04;4,88;5,69;1,92;1,17;1,03
1363;1991-1992;19;6,54;3,46;2,63;1,92;1,46;1,03;21,38;4,88;4,39;1,60;1,03;1,03
1363;1991-1992;20;9,66;19,70;2,45;1,74;1,31;1,03;22,22;4,15;3,91;1,74;1,17;1,03
1363;1991-1992;21;7,74;16,40;2,45;1,74;1,31;1,03;23,07;3,91;3,46;1,92;1,17;1,03
1363;1991-1992;22;6,54;9,28;2,27;1,74;1,17;1,03;23,50;3,91;11,22;1,92;0,92;1,03
1363;1991-1992;23;5,15;8,51;2,27;1,74;1,17;1,03;23,92;3,46;29,12;1,92;0,92;1,03
1363;1991-1992;24;4,39;7,44;2,27;1,60;1,03;1,60;22,65;3,91;26,94;1,92;0,92;1,03
1363;1991-1992;25;2,84;16,40;2,27;1,60;1,03;3,04;23,92;3,25;16,40;1,74;0,92;1,03
1363;1991-1992;26;3,46;33,54;2,10;1,60;1,03;5,69;20,96;3,25;11,61;1,74;0,92;1,03
1363;1991-1992;27;3,91;26,51;1,92;1,46;1,03;14,78;19,70;2,84;8,90;1,60;0,92;1,03
1363;1991-1992;28;3,67;18,87;1,92;1,46;1,03;10,05;18,04;3,67;7,14;1,60;0,92;1,03
1363;1991-1992;29;3,04;13,98;1,74;1,31;1,03;6,54;13,18;3,25;6,23;1,60;1,31;1,03
1363;1991-1992;30;2,84;11,61;1,74;1,31;-;8,90;10,05;3,04;5,42;1,60;1,17;1,03
1363;1991-1992;31;2,45;-;1,74;1,31;-;7,74;-;2,63;-;1,46;2,63;-
1363;1992-1993;1;1,03;26,94;2,84;3,67;1,60;2,84;5,42;16,40;8,51;6,84;1,74;1,46
1363;1992-1993;2;1,03;22,22;2,84;3,46;1,60;2,63;5,42;14,78;7,14;8,51;1,60;1,31
1363;1992-1993;3;1,03;19,70;2,63;3,25;1,46;2,63;5,15;13,98;6,54;11,61;1,60;1,17
1363;1992-1993;4;3,04;18,46;4,88;3,25;1,46;3,67;5,15;12,79;5,96;7,74;1,46;1,03
1363;1992-1993;5;10,83;14,78;10,05;3,04;1,46;4,63;5,15;11,22;5,69;14,78;1,46;1,03
1363;1992-1993;6;20,54;10,83;6,84;3,04;1,46;5,69;4,88;10,05;4,88;14,38;1,31;1,03
1363;1992-1993;7;13,98;8,51;14,38;3,04;1,46;6,23;4,88;8,51;4,88;13,58;1,31;1,03
1363;1992-1993;8;14,38;7,14;19,70;2,84;1,31;7,74;4,88;8,51;5,15;10,83;1,31;1,03
1363;1992-1993;9;7,44;6,54;22,65;2,84;1,31;11,61;4,88;7,74;5,42;9,28;1,31;1,03
1363;1992-1993;10;30,00;5,69;52,85;2,63;1,31;15,59;4,39;7,44;13,98;8,90;1,31;1,03
1363;1992-1993;11;50,03;5,15;32,65;2,45;1,17;20,54;3,91;7,44;14,78;6,84;1,17;1,03
1363;1992-1993;12;19,70;4,88;22,22;2,84;1,17;25,21;3,67;7,74;10,44;5,42;1,17;0,92
1363;1992-1993;13;13,98;4,63;19,70;2,84;1,17;31,33;3,46;10,83;7,74;5,42;1,17;0,92
1363;1992-1993;14;10,05;4,39;16,40;3,04;1,03;24,78;3,25;10,83;7,14;4,88;1,17;0,92
1363;1992-1993;15;7,74;4,15;14,38;3,04;1,03;18,87;3,25;10,05;6,23;4,15;1,03;1,03
1363;1992-1993;16;6,84;5,42;13,58;2,84;1,03;16,40;3,25;11,61;5,42;3,91;1,03;1,03
1363;1992-1993;17;11,61;4,63;13,18;2,63;1,03;15,59;3,04;11,61;5,42;3,67;1,03;1,03
1363;1992-1993;18;10,44;11,22;12,40;2,63;1,03;15,99;3,04;10,05;5,42;3,25;1,03;1,03
1363;1992-1993;19;8,51;9,28;9,66;2,63;1,03;15,18;3,04;9,66;5,42;3,04;1,03;1,17
1363;1992-1993;20;7,14;7,44;10,44;2,45;1,03;15,18;3,04;9,28;5,42;2,63;1,03;1,03
1363;1992-1993;21;6,54;6,23;9,66;2,45;1,03;14,78;3,25;8,51;5,42;2,63;1,60;1,03
1363;1992-1993;22;8,13;5,96;9,28;2,45;1,17;13,98;3,25;7,44;7,14;2,45;1,17;1,03
1363;1992-1993;23;16,81;5,42;8,13;2,27;1,31;11,61;4,15;9,28;7,74;2,27;1,17;1,46
1363;1992-1993;24;18,04;4,63;7,14;2,10;1,31;13,98;3,91;15,59;5,15;2,27;3,46;1,60
1363;1992-1993;25;13,58;4,15;5,96;2,10;1,46;11,61;4,88;32,65;5,15;2,27;3,04;1,60
1363;1992-1993;26;9,66;3,46;5,42;2,10;1,46;9,66;22,65;33,54;5,15;2,27;2,84;1,74
1363;1992-1993;27;7,74;3,46;4,88;1,92;3,25;7,14;19,70;26,94;5,42;2,10;6,54;1,74
1363;1992-1993;28;7,14;3,25;4,63;1,74;2,84;6,54;18,04;18,87;5,42;1,92;6,84;1,46
1363;1992-1993;29;13,58;3,04;4,39;1,74;-;5,69;15,59;13,98;6,54;2,10;4,88;1,31
1363;1992-1993;30;28,24;3,04;4,15;1,74;-;5,42;15,59;13,18;5,69;1,74;4,15;1,31
1363;1992-1993;31;38,04;-;3,91;1,60;-;5,42;-;13,18;-;1,74;2,63;-
1363;1993-1994;1;1,60;3,67;6,84;9,66;9,28;6,84;2,63;4,88;2,63;0,92;0,81;0,60
1363;1993-1994;2;2,63;6,23;8,51;9,28;8,90;5,69;2,63;4,39;3,04;0,92;0,81;0,60
1363;1993-1994;3;3,46;7,74;8,13;8,13;12,40;6,84;2,63;4,15;2,63;0,92;0,81;0,60
1363;1993-1994;4;2,63;7,14;7,14;7,14;10,05;7,44;2,27;3,91;2,45;0,92;0,81;0,60
1363;1993-1994;5;2,84;6,23;6,54;6,23;7,74;10,05;2,27;3,67;2,27;0,92;0,81;0,60
1363;1993-1994;6;2,84;6,23;6,23;12,00;6,84;10,44;2,10;3,67;2,10;0,92;0,81;0,60
1363;1993-1994;7;2,84;6,23;5,69;9,66;5,69;7,74;2,10;3,04;1,92;0,81;0,81;0,60
1363;1993-1994;8;2,63;10,44;5,15;16,40;5,42;5,96;2,10;2,84;1,92;0,81;0,81;0,60
1363;1993-1994;9;1,17;7,74;4,88;19,70;4,88;5,42;2,10;2,63;1,92;0,81;0,81;0,60
1363;1993-1994;10;2,84;6,54;4,88;26,94;4,63;5,42;2,27;2,63;1,92;0,81;0,81;0,60
1363;1993-1994;11;7,74;6,23;4,39;18,87;4,39;5,42;2,63;2,45;1,74;0,92;0,81;0,60
1363;1993-1994;12;13,98;6,54;3,91;15,59;4,15;4,88;3,04;3,91;1,60;0,92;1,03;0,49
1363;1993-1994;13;14,38;6,54;3,67;13,98;3,91;4,39;2,63;5,15;1,60;0,92;1,03;0,49
1363;1993-1994;14;17,63;6,54;3,46;13,18;3,67;3,91;2,45;5,42;1,60;0,81;1,60;0,49
1363;1993-1994;15;10,83;5,69;3,91;10,83;3,46;3,67;2,45;10,44;1,60;0,81;1,17;0,60
1363;1993-1994;16;13,18;4,63;3,91;8,51;3,46;3,46;2,45;7,74;1,60;0,70;1,03;0,81
1363;1993-1994;17;21,80;4,39;3,91;11,22;3,04;3,25;3,04;5,96;1,60;0,70;0,92;0,81
1363;1993-1994;18;35,34;3,91;4,63;9,28;3,04;3,04;3,04;4,88;2,10;0,70;0,92;0,70
1363;1993-1994;19;23,92;3,67;5,42;9,28;2,84;3,04;4,39;6,84;2,27;0,70;0,81;0,70
1363;1993-1994;20;14,78;3,46;5,69;8,51;2,84;3,04;4,88;9,28;1,92;0,81;0,70;0,60
1363;1993-1994;21;10,83;3,04;5,15;7,74;2,45;3,04;5,42;13,18;1,60;0,81;0,70;1,03
1363;1993-1994;22;8,51;2,84;4,39;10,83;2,45;3,25;7,74;7,74;1,46;0,81;0,70;1,31
1363;1993-1994;23;6,84;2,63;3,91;12,40;2,84;3,25;12,40;5,96;1,46;3,46;0,70;1,03
1363;1993-1994;24;6,23;2,45;3,67;11,61;2,63;3,04;10,44;6,54;1,74;1,31;0,70;3,04
1363;1993-1994;25;6,23;2,27;4,88;10,44;3,04;3,04;7,74;5,42;1,92;1,17;0,70;1,74
1363;1993-1994;26;6,54;2,45;44,45;14,38;4,39;3,25;6,84;4,39;1,74;1,17;0,70;1,31
1363;1993-1994;27;6,23;2,45;29,12;13,58;5,42;3,04;7,74;3,91;1,60;0,92;0,70;4,63
1363;1993-1994;28;6,23;3,91;22,65;13,18;3,91;2,84;7,74;3,46;1,31;0,92;0,70;12,00
1363;1993-1994;29;5,42;3,67;16,81;12,40;-;2,84;6,54;3,04;1,17;0,92;0,70;6,54
1363;1993-1994;30;4,88;4,88;14,38;10,83;-;2,63;5,69;3,04;1,03;0,92;0,70;4,15
1363;1993-1994;31;4,39;-;11,61;10,44;-;2,63;-;2,84;-;0,92;0,70;-
1363;1994-1995;1;2,84;1,31;1,17;20,54;4,88;7,74;3,67;3,46;1,74;1,74;0,92;0,49
1363;1994-1995;2;2,45;1,31;1,03;11,61;4,39;9,28;3,46;3,04;1,60;1,60;0,92;0,49
1363;1994-1995;3;1,60;1,92;1,03;7,74;3,91;18,04;3,04;2,63;1,46;1,46;0,92;0,49
1363;1994-1995;4;1,74;2,45;1,03;13,18;3,91;14,78;2,84;2,27;1,31;1,46;0,81;0,49
1363;1994-1995;5;4,39;2,27;1,31;37,13;3,46;28,24;2,84;2,10;1,31;1,31;0,81;0,49
1363;1994-1995;6;3,04;3,91;1,03;26,51;3,25;39,40;2,45;2,10;1,17;1,17;0,81;0,49
1363;1994-1995;7;2,27;7,74;1,17;24,35;3,04;23,92;2,27;1,92;1,17;1,03;0,70;0,49
1363;1994-1995;8;1,92;5,42;1,03;22,22;2,84;17,22;2,27;1,92;1,17;1,03;0,70;0,49
1363;1994-1995;9;1,60;7,74;1,31;19,70;2,84;13,58;2,10;2,10;1,17;1,46;0,70;0,60
1363;1994-1995;10;1,46;6,23;1,92;17,22;2,63;11,61;2,10;1,92;1,17;2,45;0,70;0,60
1363;1994-1995;11;1,31;4,63;1,60;12,79;2,63;23,92;2,10;2,27;1,03;2,27;0,70;0,60
1363;1994-1995;12;1,31;4,15;1,31;26,07;2,63;25,64;2,10;3,25;1,03;1,92;0,70;0,60
1363;1994-1995;13;1,31;3,04;1,31;21,80;2,84;23,07;1,92;3,91;1,03;1,74;0,70;0,60
1363;1994-1995;14;1,17;2,84;1,31;15,18;3,25;19,70;1,92;3,67;1,03;1,46;0,70;0,60
1363;1994-1995;15;1,60;2,63;1,31;11,61;3,46;16,40;1,92;3,67;1,03;1,31;0,70;0,70
1363;1994-1995;16;4,63;2,27;1,17;9,28;3,91;13,58;1,74;3,67;1,03;1,17;0,70;0,70
1363;1994-1995;17;2,84;2,10;1,03;8,51;3,67;11,61;1,74;3,46;1,03;1,17;0,70;0,70
1363;1994-1995;18;2,27;2,10;1,03;10,44;10,83;10,05;1,74;3,25;1,03;1,17;0,70;0,81
1363;1994-1995;19;1,92;1,92;1,03;8,13;7,74;8,51;1,92;3,04;1,03;1,17;0,70;1,46
1363;1994-1995;20;1,92;1,74;1,03;9,28;5,96;8,51;1,74;3,04;1,31;1,03;0,70;3,04
1363;1994-1995;21;1,60;1,74;1,03;7,14;5,69;7,74;1,74;2,84;1,46;1,03;0,70;2,27
1363;1994-1995;22;3,04;1,60;7,74;6,84;5,42;6,84;1,74;2,27;1,17;1,03;0,92;1,74
1363;1994-1995;23;4,15;1,46;6,23;8,51;5,15;5,96;2,10;2,10;1,17;1,03;0,81;1,46
1363;1994-1995;24;2,63;1,46;4,15;14,38;5,96;5,69;2,10;2,10;1,17;0,92;0,81;1,17
1363;1994-1995;25;2,27;1,31;3,25;13,18;5,42;5,42;2,27;2,10;1,17;0,92;0,81;0,92
1363;1994-1995;26;1,92;1,31;2,63;10,83;6,84;5,42;1,03;2,10;1,03;0,92;0,70;0,92
1363;1994-1995;27;1,74;1,17;2,10;8,90;7,14;4,88;2,84;1,92;1,03;0,92;0,60;0,81
1363;1994-1995;28;1,60;1,17;1,92;7,14;6,84;4,88;3,25;1,92;0,92;0,92;0,49;0,81
1363;1994-1995;29;1,60;1,17;1,92;6,54;-;4,39;3,91;1,92;0,92;0,92;0,49;0,81
1363;1994-1995;30;1,46;1,17;2,63;6,23;-;4,15;3,91;1,74;1,92;0,92;0,49;0,70
1363;1994-1995;31;1,46;-;13,18;5,42;-;3,91;-;1,74;-;0,92;0,49;-
1363;1995-1996;1;0,70;0,70;3,91;24,78;10,83;14,78;17,22;4,39;3,04;1,17;0,81;1,03
1363;1995-1996;2;0,70;0,70;3,04;20,54;9,28;14,38;20,54;4,39;2,84;1,17;0,81;1,03
1363;1995-1996;3;0,70;0,70;3,04;14,38;7,74;13,58;16,81;3,91;3,04;1,17;0,81;0,92
1363;1995-1996;4;0,70;0,60;6,54;19,70;8,51;12,79;13,98;3,67;2,63;1,03;0,81;0,81
1363;1995-1996;5;0,70;0,60;44,45;18,04;6,84;12,00;11,61;3,67;2,45;1,03;0,81;0,81
1363;1995-1996;6;0,70;0,60;19,70;21,38;15,59;12,40;10,05;5,15;2,10;1,17;0,81;0,81
1363;1995-1996;7;0,70;0,60;10,44;21,80;16,81;12,79;9,28;5,42;1,92;1,74;1,92;0,81
1363;1995-1996;8;0,70;0,60;7,44;25,64;15,99;12,40;10,83;5,15;1,92;1,74;1,31;0,81
1363;1995-1996;9;0,70;0,60;5,42;37,13;13,18;13,98;11,61;6,84;1,92;1,31;1,03;0,81
1363;1995-1996;10;0,70;0,60;4,88;22,65;10,44;14,38;11,61;12,79;1,92;1,03;0,81;0,70
1363;1995-1996;11;0,70;4,88;4,88;16,81;9,28;16,40;11,61;15,59;1,92;1,03;0,81;0,70
1363;1995-1996;12;0,92;3,46;4,39;14,38;8,51;12,40;11,61;12,00;1,74;0,92;0,81;0,92
1363;1995-1996;13;0,81;2,27;3,91;13,18;8,13;10,83;11,22;10,05;1,60;0,92;0,81;0,81
1363;1995-1996;14;0,81;1,74;3,25;12,40;10,83;11,22;8,51;8,51;1,60;0,92;0,81;0,70
1363;1995-1996;15;0,70;2,63;2,84;11,61;10,05;10,05;7,74;7,14;1,60;0,92;0,81;0,70
1363;1995-1996;16;0,70;5,42;2,63;10,44;8,90;8,13;8,51;6,84;1,60;0,81;0,81;0,70
1363;1995-1996;17;0,70;3,04;2,27;8,51;7,74;7,14;8,51;7,74;1,60;0,81;0,81;0,70
1363;1995-1996;18;0,70;4,63;1,92;7,14;7,14;7,14;5,69;14,38;1,60;0,81;0,81;0,70
1363;1995-1996;19;0,70;4,39;2,63;5,96;9,28;7,44;5,69;12,79;1,60;0,70;1,46;0,81
1363;1995-1996;20;0,70;3,04;3,04;6,23;10,05;8,51;6,23;9,28;1,60;0,70;1,60;0,92
1363;1995-1996;21;0,70;2,63;3,67;33,54;9,28;8,13;7,14;7,74;1,46;0,70;1,60;1,03
1363;1995-1996;22;0,60;11,61;12,00;46,29;8,13;11,61;7,74;6,84;1,46;0,70;1,31;1,31
1363;1995-1996;23;0,60;10,83;10,05;22,22;7,74;20,12;5,96;5,69;1,46;0,70;1,17;1,03
1363;1995-1996;24;0,49;5,96;18,87;17,63;8,51;28,68;4,88;5,42;1,46;0,70;1,03;0,92
1363;1995-1996;25;0,49;4,88;23,92;14,78;12,79;28,68;3,91;4,88;1,46;1,31;1,03;0,81
1363;1995-1996;26;0,49;3,91;20,54;11,61;16,40;23,92;3,91;4,39;1,31;2,45;1,46;0,81
1363;1995-1996;27;0,49;3,25;20,54;10,44;12,79;15,99;3,91;4,39;1,31;1,74;2,27;0,70
1363;1995-1996;28;0,60;2,84;16,81;28,24;13,58;15,59;4,39;4,15;1,31;1,03;2,10;0,70
1363;1995-1996;29;1,03;3,25;13,98;24,78;15,59;15,59;4,39;3,67;1,31;0,92;1,60;0,70
1363;1995-1996;30;0,81;3,91;22,22;15,99;-;15,18;4,63;3,25;1,31;0,81;1,31;0,70
1363;1995-1996;31;0,70;-;20,12;13,18;-;14,38;-;3,25;-;0,81;1,03;-
1363;1996-1997;1;1,31;1,17;21,38;4,39;8,51;2,84;1,17;0,81;3,91;1,46;1,74;2,84
1363;1996-1997;2;1,31;1,03;19,70;3,91;8,13;2,84;1,17;0,81;5,42;2,45;1,60;2,63
1363;1996-1997;3;1,03;1,17;16,40;4,15;10,44;2,63;1,17;0,81;6,54;2,45;1,60;1,74
1363;1996-1997;4;1,03;1,03;13,98;5,42;8,51;2,45;1,17;0,81;4,88;2,45;1,46;1,60
1363;1996-1997;5;1,60;1,46;14,78;4,88;7,14;2,27;1,17;1,03;7,74;2,45;1,46;1,60
1363;1996-1997;6;4,39;1,17;23,92;4,63;6,23;2,27;1,31;1,17;6,84;2,45;1,46;2,10
1363;1996-1997;7;7,74;1,17;19,70;4,39;5,96;2,10;1,17;1,31;18,46;2,27;1,46;2,63
1363;1996-1997;8;11,61;1,17;16,40;4,63;5,15;2,10;1,17;1,46;10,05;1,92;1,46;2,10
1363;1996-1997;9;10,05;1,31;19,70;6,54;4,88;1,92;1,31;1,31;6,84;1,92;1,46;1,60
1363;1996-1997;10;4,63;1,31;17,22;25,64;4,63;1,92;1,17;1,31;4,88;1,92;1,46;1,46
1363;1996-1997;11;3,46;1,31;24,78;35,34;4,88;1,92;1,17;1,17;4,15;1,74;1,46;1,46
1363;1996-1997;12;3,04;1,31;42,60;26,51;5,42;1,92;1,17;1,03;3,25;1,74;1,31;1,60
1363;1996-1997;13;7,14;1,17;38,04;18,46;4,88;1,74;1,17;1,03;2,84;1,74;1,31;2,63
1363;1996-1997;14;13,98;2,63;37,13;13,98;5,42;1,74;1,17;1,03;3,04;1,74;1,17;3,25
1363;1996-1997;15;7,44;2,27;32,65;10,83;5,42;1,92;1,17;1,03;2,63;1,74;1,17;2,27
1363;1996-1997;16;5,42;2,27;22,22;9,66;4,88;1,74;1,03;1,03;2,27;10,83;1,17;2,10
1363;1996-1997;17;4,39;1,92;20,54;12,79;4,15;1,60;1,03;2,45;2,10;10,83;1,17;1,92
1363;1996-1997;18;3,46;4,63;33,99;9,66;3,91;1,60;1,03;1,92;2,10;10,44;1,03;1,92
1363;1996-1997;19;3,04;8,13;23,07;8,51;3,46;1,60;1,03;3,91;1,92;6,84;1,03;1,92
1363;1996-1997;20;2,63;12,79;18,04;8,51;3,25;1,60;1,03;3,91;1,74;5,15;1,03;1,74
1363;1996-1997;21;2,45;23,50;23,92;16,81;3,04;1,60;1,03;2,45;1,74;3,91;1,03;1,60
1363;1996-1997;22;2,10;27,37;20,54;13,18;3,67;1,60;0,92;1,92;1,46;4,63;1,03;1,60
1363;1996-1997;23;1,92;41,68;21,38;10,44;3,46;1,46;0,92;2,27;1,46;6,54;1,03;1,60
1363;1996-1997;24;1,74;21,80;16,40;7,44;3,46;1,46;0,92;2,63;1,31;4,15;1,31;1,46
1363;1996-1997;25;1,74;15,18;13,98;7,74;4,39;1,60;0,92;2,27;1,31;3,46;2,63;1,46
1363;1996-1997;26;1,74;29,12;11,61;7,74;4,15;1,60;0,92;3,91;1,17;3,04;1,92;1,31
1363;1996-1997;27;1,60;20,54;9,66;6,84;3,46;1,60;0,92;3,46;1,46;2,63;1,60;1,17
1363;1996-1997;28;1,46;18,46;7,74;6,23;3,04;1,46;0,92;3,04;1,31;2,45;1,60;1,17
1363;1996-1997;29;1,31;14,38;7,14;6,23;-;1,46;0,92;2,63;1,60;2,10;1,46;1,17
1363;1996-1997;30;1,31;16,40;5,69;7,14;-;1,31;0,92;2,27;1,31;1,92;1,17;1,03
1363;1996-1997;31;1,17;-;4,88;9,28;-;1,31;-;3,46;-;1,74;1,03;-
1363;1997-1998;1;0,92;4,88;9,28;3,46;3,46;2,45;6,23;31,77;4,39;2,27;1,03;0,49
1363;1997-1998;2;0,92;3,91;27,37;3,46;3,46;2,27;6,84;37,58;5,42;1,46;0,92;0,60
1363;1997-1998;3;0,92;3,46;21,80;3,04;3,67;2,10;6,54;37,13;4,39;1,46;0,92;0,60
1363;1997-1998;4;0,92;3,04;14,38;3,25;4,88;2,10;6,23;38,95;3,91;1,31;0,81;0,60
1363;1997-1998;5;0,92;3,25;11,61;3,04;4,88;2,27;6,23;29,12;3,46;1,31;0,81;0,60
1363;1997-1998;6;0,92;7,14;9,66;2,84;4,15;2,10;6,23;23,07;3,04;1,17;0,81;0,60
1363;1997-1998;7;0,92;6,23;8,51;2,84;3,67;1,92;12,00;21,80;3,04;1,60;0,70;0,60
1363;1997-1998;8;0,92;5,69;8,13;2,84;3,46;1,92;8,51;23,92;2,63;1,31;0,70;0,60
1363;1997-1998;9;0,81;9,28;7,14;2,63;3,25;1,92;7,44;20,54;2,27;1,17;0,70;0,60
1363;1997-1998;10;0,81;7,14;6,23;2,63;3,04;1,74;9,28;19,70;2,10;1,03;0,70;0,60
1363;1997-1998;11;0,81;6,54;5,96;2,63;3,25;2,84;7,74;20,96;2,10;1,03;0,70;0,60
1363;1997-1998;12;0,81;5,96;9,28;4,39;3,67;5,15;9,28;15,59;1,92;1,03;0,70;1,03
1363;1997-1998;13;0,92;7,74;8,13;16,40;3,67;4,88;10,83;12,79;2,27;1,03;0,70;1,31
1363;1997-1998;14;0,92;8,13;7,14;7,74;3,91;4,88;11,61;10,44;2,45;0,92;0,70;3,25
1363;1997-1998;15;0,92;6,54;6,54;6,54;3,91;5,15;12,79;9,28;2,27;0,92;0,70;2,10
1363;1997-1998;16;0,81;5,96;5,96;5,42;3,46;5,69;18,04;7,74;2,27;0,92;0,70;1,46
1363;1997-1998;17;0,81;5,42;5,69;4,63;3,46;5,69;23,50;7,14;2,10;0,92;0,60;1,17
1363;1997-1998;18;0,81;6,54;7,14;4,15;3,46;5,69;16,40;6,54;1,92;0,92;0,60;0,92
1363;1997-1998;19;4,39;5,42;6,54;3,91;3,25;5,69;17,22;5,69;1,92;0,92;0,60;0,70
1363;1997-1998;20;7,14;4,88;5,69;6,23;3,04;5,42;20,54;4,88;1,60;0,81;0,60;0,70
1363;1997-1998;21;5,15;4,39;5,15;7,14;3,67;4,88;23,92;4,39;1,60;0,81;0,60;0,70
1363;1997-1998;22;3,04;3,46;6,54;5,69;3,04;4,39;23,07;3,91;1,60;0,81;0,60;0,70
1363;1997-1998;23;2,27;3,25;7,14;5,15;2,84;4,39;18,87;3,67;1,60;0,81;0,60;0,70
1363;1997-1998;24;1,92;3,04;6,54;4,39;2,84;3,91;16,40;3,67;1,60;0,81;0,60;0,70
1363;1997-1998;25;1,74;7,14;5,96;4,15;2,63;3,91;15,59;3,25;1,46;0,81;0,60;1,03
1363;1997-1998;26;1,74;10,05;5,15;3,91;2,63;3,91;14,38;3,25;1,31;0,81;0,60;3,91
1363;1997-1998;27;1,74;8,51;4,88;3,46;2,45;3,91;10,44;3,25;1,17;0,81;0,49;2,27
1363;1997-1998;28;19,70;8,13;4,39;3,46;2,45;3,67;8,51;3,46;1,17;0,81;0,49;1,60
1363;1997-1998;29;17,22;6,84;4,15;4,15;-;17,22;7,74;3,04;1,17;0,81;0,49;1,46
1363;1997-1998;30;8,90;8,51;3,91;3,91;-;10,05;19,70;3,91;1,17;0,81;0,49;1,31
1363;1997-1998;31;5,96;-;3,91;3,67;-;7,44;-;3,25;-;0,92;0,49;-
1363;1998-1999;1;1,17;1,92;8,51;5,15;4,88;14,78;7,74;7,44;3,04;0,92;0,81;0,49
1363;1998-1999;2;1,17;1,92;5,69;4,88;4,39;12,40;6,84;7,44;3,04;0,92;0,70;1,17
1363;1998-1999;3;1,31;2,10;4,88;4,88;3,91;10,83;6,54;6,84;2,27;0,92;0,70;0,70
1363;1998-1999;4;1,17;2,27;4,39;5,15;3,46;10,05;5,96;6,54;2,27;0,92;0,60;0,81
1363;1998-1999;5;1,31;2,10;3,91;5,42;3,46;8,51;6,23;6,23;2,45;0,92;0,60;1,03
1363;1998-1999;6;2,10;1,92;3,91;4,88;3,04;7,74;6,23;6,23;2,45;0,81;0,70;0,92
1363;1998-1999;7;3,25;1,74;3,91;4,15;3,04;7,14;5,96;6,54;2,45;0,81;0,70;0,81
1363;1998-1999;8;8,51;1,74;3,67;3,91;3,25;8,13;5,96;5,15;2,27;0,81;0,60;0,81
1363;1998-1999;9;7,14;1,74;4,39;5,15;4,15;9,66;6,23;4,88;2,27;0,81;0,60;0,70
1363;1998-1999;10;5,96;1,74;11,61;7,14;5,42;13,58;5,42;4,39;2,10;0,81;0,60;0,70
1363;1998-1999;11;4,88;1,60;17,63;5,69;5,69;26,94;5,15;3,91;2,10;0,92;0,60;0,60
1363;1998-1999;12;4,63;1,60;16,40;4,88;5,42;20,54;4,63;3,67;1,92;0,92;0,60;0,60
1363;1998-1999;13;7,14;1,60;12,40;6,54;5,15;14,38;4,63;3,46;1,92;1,46;0,60;1,17
1363;1998-1999;14;5,15;1,46;10,05;13,18;4,63;12,00;4,63;3,91;1,92;1,03;0,60;1,03
1363;1998-1999;15;3,91;1,31;7,14;15,99;4,39;10,05;4,88;4,63;1,74;0,92;0,49;0,92
1363;1998-1999;16;3,04;1,31;5,69;14,78;4,88;10,05;4,63;7,74;1,74;0,92;0,49;1,03
1363;1998-1999;17;2,63;1,31;5,15;19,70;6,23;9,28;6,23;10,44;1,60;0,92;0,49;0,92
1363;1998-1999;18;5,15;1,17;4,63;13,18;8,13;7,74;6,54;12,40;1,60;0,92;0,49;1,03
1363;1998-1999;19;3,04;1,17;4,39;10,83;8,90;7,74;8,90;10,44;1,60;0,92;0,49;3,04
1363;1998-1999;20;3,04;1,03;4,88;13,98;8,13;6,54;13,98;8,51;1,46;0,81;0,49;1,60
1363;1998-1999;21;2,63;1,03;5,69;14,38;10,44;6,23;14,78;6,84;1,46;0,81;0,49;1,03
1363;1998-1999;22;2,27;1,03;4,88;11,61;14,78;5,96;10,44;5,69;1,46;0,81;0,49;5,69
1363;1998-1999;23;2,27;1,46;4,39;8,51;15,59;5,42;9,28;5,42;1,31;0,81;0,49;2,63
1363;1998-1999;24;2,27;1,31;4,39;6,84;16,40;4,88;7,44;4,88;1,31;0,81;0,49;1,60
1363;1998-1999;25;2,84;1,92;3,91;6,23;13,58;4,88;7,14;4,39;1,17;0,81;0,49;1,46
1363;1998-1999;26;2,63;3,91;3,67;6,54;12,00;4,88;6,54;4,15;1,17;0,81;0,49;1,31
1363;1998-1999;27;2,45;3,04;3,67;6,84;17,63;4,88;7,14;3,67;1,03;0,81;0,49;1,17
1363;1998-1999;28;2,27;2,63;3,67;6,54;20,12;8,51;8,51;3,46;1,03;0,81;0,49;1,03
1363;1998-1999;29;2,10;4,88;3,46;5,96;-;8,51;10,05;3,04;0,92;0,81;0,49;0,92
1363;1998-1999;30;2,10;11,22;5,15;5,42;-;8,51;8,90;2,63;0,92;0,81;0,49;0,92
1363;1998-1999;31;1,92;-;5,42;5,42;-;8,13;-;2,45;-;0,81;0,49;-
1363;1999-2000;1;1,03;3,91;12,40;6,54;3,46;4,15;6,84;8,90;2,63;1,03;0,70;0,42
1363;1999-2000;2;0,92;7,74;10,05;5,69;4,63;3,91;24,78;8,51;2,45;1,03;0,70;0,42
1363;1999-2000;3;0,92;8,51;8,51;5,42;4,39;3,67;28,68;7,74;2,63;1,03;0,70;0,42
1363;1999-2000;4;0,92;5,96;7,44;4,88;3,91;3,25;16,40;9,28;2,63;1,03;0,60;0,42
1363;1999-2000;5;0,92;4,63;7,44;4,39;3,46;3,04;12,79;7,74;2,84;1,03;0,60;0,42
1363;1999-2000;6;0,81;3,67;7,14;4,15;3,04;3,04;10,05;6,54;2,63;1,03;0,60;0,42
1363;1999-2000;7;0,81;3,04;6,54;3,91;3,04;2,84;8,51;8,13;2,27;1,03;0,60;0,42
1363;1999-2000;8;0,81;2,63;5,69;3,46;3,25;2,84;7,74;8,51;2,27;1,03;0,60;0,42
1363;1999-2000;9;0,81;2,27;5,42;4,39;4,15;3,04;11,61;8,13;2,45;1,03;0,60;0,42
1363;1999-2000;10;0,81;2,27;4,88;4,15;3,67;3,04;16,81;8,13;2,63;0,92;0,60;0,42
1363;1999-2000;11;0,92;2,63;4,39;3,91;4,15;3,04;44,45;8,13;2,45;0,92;0,60;0,49
1363;1999-2000;12;0,92;2,84;6,84;3,67;4,39;3,04;27,37;8,51;2,27;0,92;0,60;0,35
1363;1999-2000;13;1,17;2,63;6,54;3,67;4,15;2,84;20,54;7,74;2,10;0,92;0,60;0,35
1363;1999-2000;14;1,17;9,28;16,40;4,15;4,15;2,84;32,65;6,84;2,10;0,81;0,49;0,35
1363;1999-2000;15;1,03;24,78;28,24;4,15;3,91;2,84;23,92;6,23;1,92;0,81;0,49;0,35
1363;1999-2000;16;0,92;25,64;18,46;3,91;3,91;2,84;17,63;5,96;1,74;0,81;0,49;0,35
1363;1999-2000;17;1,17;20,54;14,78;3,91;3,91;2,84;12,79;5,96;1,60;0,81;0,49;0,35
1363;1999-2000;18;1,03;19,70;13,98;3,91;4,63;2,63;11,61;5,15;1,60;0,81;0,49;0,42
1363;1999-2000;19;1,03;29,12;18,87;3,67;4,15;2,63;13,18;4,63;1,46;0,81;0,49;0,49
1363;1999-2000;20;3,91;23,92;34,44;3,46;3,67;2,84;15,59;4,39;1,46;0,81;0,49;0,42
1363;1999-2000;21;3,25;20,12;23,07;3,25;3,46;2,84;14,78;4,88;1,46;0,81;0,49;0,35
1363;1999-2000;22;5,96;18,87;23,50;3,04;4,39;2,63;13,98;4,88;1,31;0,81;0,42;0,35
1363;1999-2000;23;5,96;12,79;23,92;3,04;13,98;2,63;12,40;4,88;1,31;0,70;0,42;0,35
1363;1999-2000;24;10,44;11,61;18,46;3,04;10,44;2,63;9,66;4,39;1,17;0,70;0,42;0,35
1363;1999-2000;25;5,96;10,83;15,59;2,84;7,74;2,45;13,18;3,91;1,17;0,70;0,42;0,42
1363;1999-2000;26;4,39;10,44;20,12;2,63;6,23;2,45;13,58;3,67;1,17;0,70;0,42;0,42
1363;1999-2000;27;4,63;10,05;21,38;2,63;5,69;3,04;10,83;3,67;1,17;0,70;0,42;0,42
1363;1999-2000;28;7,14;10,05;19,70;2,27;5,42;4,88;10,05;3,46;1,03;0,70;0,42;0,49
1363;1999-2000;29;5,42;13,98;13,18;2,27;4,88;4,88;9,66;3,25;1,03;0,70;0,42;0,60
1363;1999-2000;30;3,91;15,18;10,05;2,27;-;5,69;9,66;3,04;1,03;0,70;0,42;0,60
1363;1999-2000;31;3,91;-;7,74;2,45;-;6,54;-;2,63;-;0,70;0,42;-
1363;2000-2001;1;0,60;0,92;18,04;38,95;45,37;4,39;5,96;3,04;2,10;1,03;0,70;0,60
1363;2000-2001;2;0,49;2,84;14,38;28,24;37,13;19,70;5,42;3,25;1,92;1,03;0,70;0,60
1363;2000-2001;3;0,42;1,92;9,66;19,28;28,24;31,77;4,88;3,67;1,92;0,92;0,70;0,60
1363;2000-2001;4;0,42;1,31;10,44;19,70;21,80;30,00;5,15;8,13;1,92;1,17;0,70;0,60
1363;2000-2001;5;0,42;3,04;17,22;38,04;15,59;26,51;5,42;6,54;1,92;1,17;0,70;0,49
1363;2000-2001;6;0,42;10,05;18,87;30,00;35,34;39,86;5,42;6,84;1,74;1,31;0,70;0,49
1363;2000-2001;7;0,42;4,88;58,56;20,54;41,68;34,89;4,88;6,84;1,60;0,92;0,70;0,42
1363;2000-2001;8;0,42;3,25;46,29;16,40;32,65;23,07;4,39;5,96;1,60;0,92;0,60;0,42
1363;2000-2001;9;0,42;2,63;22,22;13,98;23,07;18,04;4,39;6,54;1,74;0,81;0,60;0,42
1363;2000-2001;10;0,42;2,45;17,63;11,61;18,46;15,59;4,15;5,69;3,04;0,81;0,60;0,42
1363;2000-2001;11;0,70;1,92;11,61;18,46;15,59;14,78;3,91;5,42;3,04;0,81;0,60;0,42
1363;2000-2001;12;0,70;2,63;11,61;21,38;12,40;12,79;3,46;4,88;2,27;0,81;0,60;0,42
1363;2000-2001;13;1,03;4,88;9,66;10,83;13,18;9,66;3,25;4,88;2,10;0,70;0,60;0,42
1363;2000-2001;14;1,17;3,46;8,90;20,96;10,83;8,90;3,25;4,39;1,92;0,92;0,60;0,42
1363;2000-2001;15;1,46;2,84;7,44;19,70;9,66;8,51;3,25;4,63;1,74;1,46;0,49;0,42
1363;2000-2001;16;1,74;2,63;6,54;13,98;8,51;7,74;3,04;4,39;1,60;1,17;0,49;0,42
1363;2000-2001;17;1,17;3,46;6,23;10,05;6,84;7,14;3,04;4,88;1,46;1,17;0,49;0,42
1363;2000-2001;18;0,92;3,25;5,69;8,13;6,54;6,54;2,84;4,39;1,31;0,81;0,49;0,42
1363;2000-2001;19;0,81;4,15;5,15;5,69;5,96;5,96;2,84;4,39;1,31;0,81;0,49;0,49
1363;2000-2001;20;0,81;4,88;4,39;4,88;5,42;7,74;2,63;4,39;1,17;0,81;0,49;0,49
1363;2000-2001;21;1,92;4,39;4,39;4,39;4,88;17,22;2,63;4,15;1,17;0,81;0,49;0,60
1363;2000-2001;22;1,46;10,05;14,78;4,39;4,39;18,87;2,84;3,91;1,03;0,81;0,42;0,81
1363;2000-2001;23;1,31;10,83;20,54;4,15;4,15;14,78;3,25;3,46;1,03;0,81;0,42;1,92
1363;2000-2001;24;1,03;8,13;12,79;11,61;4,15;12,79;3,25;3,25;1,03;0,81;0,42;1,46
1363;2000-2001;25;0,92;9,28;10,05;11,61;4,88;9,28;3,04;3,04;1,03;0,81;0,42;0,81
1363;2000-2001;26;0,81;7,74;9,28;13,18;3,91;6,84;2,84;2,84;1,03;0,81;0,42;0,70
1363;2000-2001;27;0,81;7,74;7,74;14,38;4,39;5,69;2,63;2,63;1,03;0,70;0,42;0,60
1363;2000-2001;28;0,70;6,84;8,13;24,78;4,39;4,88;2,63;2,27;1,03;0,70;0,70;0,60
1363;2000-2001;29;0,70;8,90;14,38;34,44;-;4,88;2,63;2,27;1,03;0,70;0,81;0,49
1363;2000-2001;30;0,70;7,74;24,78;20,54;-;6,23;2,63;2,10;1,03;0,70;0,70;0,49
1363;2000-2001;31;1,60;-;20,54;30,00;-;7,14;-;2,10;-;0,70;0,60;-
1363;2001-2002;1;0,49;0,70;5,96;3,91;2,10;4,88;3,04;3,25;2,10;2,63;0,35;2,46
1363;2001-2002;2;0,49;0,70;6,84;5,96;1,92;4,39;2,84;3,04;2,63;2,27;0,35;2,24
1363;2001-2002;3;0,42;0,60;5,96;11,61;2,45;3,91;3,04;4,39;3,04;1,92;0,28;2,35
1363;2001-2002;4;0,42;0,60;5,15;7,44;2,27;3,91;2,84;4,39;2,45;1,60;0,28;2,13
1363;2001-2002;5;0,42;0,60;4,39;5,15;3,91;4,63;2,45;14,38;3,91;1,46;0,28;1,95
1363;2001-2002;6;0,42;0,60;3,91;3,91;4,88;4,88;2,63;13,98;9,66;1,31;0,21;1,87
1363;2001-2002;7;0,42;0,49;3,46;3,25;6,54;5,15;2,45;17,22;10,05;1,03;0,21;1,95
1363;2001-2002;8;0,49;0,49;3,04;3,04;7,44;5,42;2,45;28,24;8,13;1,03;0,21;2,04
1363;2001-2002;9;0,49;1,17;2,84;2,84;5,69;5,69;2,27;41,68;6,84;1,03;0,21;2,24
1363;2001-2002;10;1,03;1,31;2,63;2,63;4,15;5,42;2,45;23,92;5,42;0,92;2,10;2,13
1363;2001-2002;11;0,70;1,03;2,27;2,27;3,91;4,88;3,25;19,70;4,39;0,92;1,03;2,04
1363;2001-2002;12;0,60;1,46;2,10;2,10;3,67;14,78;13,98;15,59;3,91;1,03;0,49;1,95
1363;2001-2002;13;0,60;15,59;1,92;1,92;3,67;39,86;19,70;13,98;3,46;1,03;0,35;1,87
1363;2001-2002;14;0,60;25,21;1,92;1,92;5,15;30,89;12,79;12,40;3,04;0,92;0,35;1,78
1363;2001-2002;15;0,70;10,83;1,60;2,10;4,88;19,70;10,05;10,05;2,84;0,92;0,28;1,69
1363;2001-2002;16;0,60;6,54;1,60;2,10;4,63;18,04;9,66;7,74;2,63;0,81;0,28;1,69
1363;2001-2002;17;0,60;5,42;1,60;1,92;4,15;13,18;11,61;7,14;2,45;0,70;0,28;2,13
1363;2001-2002;18;0,92;4,88;1,60;2,10;3,91;11,61;11,61;5,96;2,63;0,60;0,28;2,82
1363;2001-2002;19;1,31;4,63;1,46;2,10;4,15;12,79;10,83;4,88;3,25;0,49;0,28;2,96
1363;2001-2002;20;1,17;4,88;1,46;1,92;4,39;11,61;10,44;4,39;2,63;0,49;0,28;2,96
1363;2001-2002;21;1,31;4,63;1,46;1,92;7,44;10,05;9,28;4,15;2,63;0,42;0,21;2,82
1363;2001-2002;22;2,63;4,39;1,46;2,10;7,74;8,90;7,74;3,91;2,27;0,42;0,21;2,68
1363;2001-2002;23;2,84;3,67;1,31;4,63;7,14;6,84;6,23;3,46;2,10;0,42;0,21;4,21
1363;2001-2002;24;1,92;3,46;1,17;4,39;7,44;5,96;5,42;3,04;3,25;0,42;0,21;3,53
1363;2001-2002;25;1,31;5,96;1,17;3,67;6,84;5,42;5,15;3,46;3,91;0,42;0,28;2,96
1363;2001-2002;26;1,03;6,84;1,31;3,91;5,96;4,88;4,39;2,84;3,25;0,35;1,03;2,82
1363;2001-2002;27;0,92;5,96;1,17;3,04;6,84;4,39;4,15;2,84;4,39;0,35;1,92;2,57
1363;2001-2002;28;0,92;4,88;1,03;2,84;5,96;3,91;3,91;2,63;4,88;0,35;9,66;2,24
1363;2001-2002;29;0,81;5,69;1,03;2,63;-;3,67;3,67;2,45;3,91;0,42;5,03;2,13
1363;2001-2002;30;0,81;5,96;2,10;2,45;-;3,46;3,46;2,27;3,04;0,42;3,53;1,95
1363;2001-2002;31;0,81;-;3,91;2,45;-;3,04;-;2,27;-;0,42;2,96;-
1363;2002-2003;1;2,04;2,57;22,08;12,53;14,01;10,27;6,00;-;-;-;-;-
1363;2002-2003;2;1,95;2,46;21,45;12,06;12,78;10,06;5,84;-;-;-;-;-
1363;2002-2003;3;1,78;2,46;16,95;10,27;13,50;13,02;5,68;-;-;-;-;-
1363;2002-2003;4;1,78;2,35;15,04;9,03;20,81;11,14;5,52;-;-;-;-;-
1363;2002-2003;5;1,69;2,13;16,39;8,65;20,81;10,93;5,68;-;-;-;-;-
1363;2002-2003;6;1,62;2,35;18,09;8,45;21,45;10,06;5,84;-;-;-;-;-
1363;2002-2003;7;1,62;3,09;21,77;8,07;20,81;8,65;7,70;-;-;-;-;-
1363;2002-2003;8;1,69;2,82;18,38;7,70;16,11;8,26;10,06;-;-;-;-;-
1363;2002-2003;9;2,35;2,57;15,04;7,70;13,76;8,07;9,85;-;-;-;-;-
1363;2002-2003;10;1,95;2,46;13,26;7,34;12,06;8,07;9,03;-;-;-;-;-
1363;2002-2003;11;1,78;2,35;11,83;7,16;11,14;7,88;8,26;-;-;-;-;-
1363;2002-2003;12;1,87;2,13;10,49;6,82;11,83;7,88;7,52;-;-;-;-;-
1363;2002-2003;13;1,78;4,62;9,85;6,48;11,14;7,88;8,26;-;-;-;-;-
1363;2002-2003;14;2,57;7,09;13,76;6,48;10,27;8,07;15,84;-;-;-;-;-
1363;2002-2003;15;2,82;5,03;14,01;6,48;9,03;7,70;11,37;-;-;-;-;-
1363;2002-2003;16;3,23;4,41;11,83;6,65;8,45;7,16;9,24;-;-;-;-;-
1363;2002-2003;17;2,96;3,87;13,50;6,82;7,88;6,65;8,45;-;-;-;-;-
1363;2002-2003;18;2,68;3,53;17,80;7,16;7,34;6,48;8,45;-;-;-;-;-
1363;2002-2003;19;2,46;5,24;15,84;19,58;6,99;5,84;13,50;-;-;-;-;-
1363;2002-2003;20;2,57;6,79;13,02;17,51;6,48;5,84;14,52;-;-;-;-;-
1363;2002-2003;21;10,06;10,45;11,14;16,11;5,84;5,84;13,02;-;-;-;-;-
1363;2002-2003;22;5,99;7,97;10,71;13,50;6,00;5,84;10,71;-;-;-;-;-
1363;2002-2003;23;5,74;7,09;10,49;13,02;5,68;6,31;9,44;-;-;-;-;-
1363;2002-2003;24;4,83;5,74;9,85;11,60;7,52;6,15;8,45;-;-;-;-;-
1363;2002-2003;25;4,41;6,79;9,24;10,27;22,08;5,84;8,65;-;-;-;-;-
1363;2002-2003;26;3,70;5,74;23,08;9,03;14,77;6,31;9,44;-;-;-;-;-
1363;2002-2003;27;3,23;5,99;33,02;11,14;10,27;8,26;10,27;-;-;-;-;-
1363;2002-2003;28;2,96;7,09;22,08;12,78;8,65;7,88;10,27;-;-;-;-;-
1363;2002-2003;29;2,82;8,66;15,57;12,78;-;6,82;10,49;-;-;-;-;-
1363;2002-2003;30;3,09;20,12;13,26;16,11;-;7,34;10,49;-;-;-;-;-
1363;2002-2003;31;2,82;-;11,60;18,97;-;10,27;-;-;-;-;-;-
1363;2011-2012;1;-;-;2,45;4,28;3,68;9,05;6,56;11,75;3,92;2,03;1,27;1,17
1363;2011-2012;2;-;-;3,26;4,11;3,96;9,28;6,67;10,86;5,47;1,75;1,25;1,11
1363;2011-2012;3;-;-;3,82;3,95;3,83;9,38;6,66;15,86;6,50;1,91;1,25;1,10
1363;2011-2012;4;-;-;3,99;3,97;3,73;11,09;6,36;18,70;4,96;1,76;1,25;1,10
1363;2011-2012;5;-;-;3,99;3,86;34,76;12,21;6,53;15,96;4,05;1,75;1,25;1,10
1363;2011-2012;6;-;-;3,99;3,85;114,12;9,84;6,45;14,02;3,48;1,75;1,37;1,10
1363;2011-2012;7;-;-;4,82;4,22;160,96;8,56;33,23;12,96;3,31;1,94;1,30;1,10
1363;2011-2012;8;-;8,64;5,74;3,85;67,33;8,66;25,94;17,21;3,29;1,72;1,25;1,10
1363;2011-2012;9;-;7,59;5,83;3,72;28,11;8,58;17,94;19,12;3,18;1,58;1,14;1,10
1363;2011-2012;10;-;6,70;4,07;3,48;17,90;8,40;16,70;18,08;2,76;1,95;1,13;1,44
1363;2011-2012;11;-;6,22;3,76;3,38;14,11;8,20;13,21;15,02;2,97;1,93;1,16;1,14
1363;2011-2012;12;-;6,51;3,43;3,20;11,40;7,88;13,59;12,84;2,69;1,90;1,19;1,10
1363;2011-2012;13;-;5,50;3,33;3,03;10,10;7,87;15,67;11,08;3,22;1,75;1,15;1,15
1363;2011-2012;14;-;4,86;3,57;2,98;10,87;8,15;24,86;9,56;2,58;1,87;1,31;1,14
1363;2011-2012;15;-;4,83;3,04;2,80;11,90;8,29;43,08;8,64;2,52;1,58;1,25;1,10
1363;2011-2012;16;-;4,32;3,79;3,06;11,86;8,24;38,56;7,52;2,33;1,58;1,20;1,10
1363;2011-2012;17;-;3,81;4,48;3,11;11,24;8,12;31,24;7,10;2,58;1,56;1,15;1,10
1363;2011-2012;18;-;3,43;4,29;3,29;10,54;7,42;38,28;7,05;2,53;1,41;1,10;1,10
1363;2011-2012;19;-;3,69;4,16;5,07;10,21;7,17;35,21;6,82;2,68;1,61;1,10;1,14
1363;2011-2012;20;-;3,81;4,56;4,58;9,92;6,81;31,66;6,65;2,47;1,45;1,10;1,21
1363;2011-2012;21;-;3,59;5,73;4,58;9,36;6,39;33,74;6,16;2,41;1,41;1,10;1,10
1363;2011-2012;22;-;4,14;5,37;4,26;8,89;5,98;31,00;5,77;2,48;1,41;1,10;1,22
1363;2011-2012;23;-;6,42;4,89;4,05;8,55;6,09;23,96;5,43;2,20;1,41;1,28;1,10
1363;2011-2012;24;-;5,37;5,62;3,84;8,41;5,99;21,23;5,30;2,01;1,41;1,21;1,10
1363;2011-2012;25;-;4,54;5,18;3,78;8,79;6,15;20,10;5,06;2,27;1,38;1,10;1,10
1363;2011-2012;26;-;3,96;4,81;3,61;8,79;6,33;19,00;5,02;2,00;1,57;1,10;1,10
1363;2011-2012;27;-;3,56;4,48;3,71;8,79;6,70;14,65;4,73;1,95;1,39;1,12;1,10
1363;2011-2012;28;-;3,24;4,17;3,47;8,80;6,78;13,10;4,52;2,10;1,38;1,10;1,10
1363;2011-2012;29;-;2,96;4,69;3,50;8,81;6,70;12,76;4,31;1,90;1,53;1,10;1,28
1363;2011-2012;30;-;2,80;4,29;3,27;-;6,78;12,67;4,13;1,82;1,41;1,10;1,35
1363;2011-2012;31;-;-;4,25;3,46;-;6,80;-;3,77;-;1,53;1,20;-
1363;2012-2013;1;1,25;3,00;5,25;3,63;19,96;8,86;21,05;16,58;5,04;2,23;1,10;0,98
1363;2012-2013;2;1,10;2,84;4,83;3,63;22,76;8,60;15,92;31,74;5,04;2,23;1,10;0,98
1363;2012-2013;3;1,10;2,73;4,01;3,63;21,05;9,12;13,40;19,96;4,62;2,23;1,10;0,86
1363;2012-2013;4;1,10;2,86;6,85;3,25;15,92;11,05;12,80;21,61;4,21;2,07;0,98;0,86
1363;2012-2013;5;1,10;2,77;6,38;3,25;16,91;14,33;13,10;21,05;4,01;1,92;0,98;0,86
1363;2012-2013;6;1,04;2,46;5,25;3,07;20,50;21,61;13,10;19,42;4,01;1,77;1,22;0,86
1363;2012-2013;7;0,91;1,93;7,83;3,07;19,42;28,34;12,20;19,42;6,38;1,77;1,22;1,10
1363;2012-2013;8;0,95;2,49;11,62;2,90;18,89;36,87;13,10;16,25;6,61;1,63;1,35;1,10
1363;2012-2013;9;0,95;2,11;7,58;2,90;21,61;21,05;13,71;13,40;6,61;1,49;1,35;1,22
1363;2012-2013;10;0,95;1,93;6,61;2,90;16,25;16,25;14,33;11,62;6,15;1,77;1,22;0,86
1363;2012-2013;11;0,95;2,30;5,69;2,90;16,58;14,02;14,64;9,93;5,47;1,63;1,22;0,86
1363;2012-2013;12;1,18;2,69;4,83;4,83;14,33;13,10;18,37;8,60;5,04;1,77;1,22;0,98
1363;2012-2013;13;1,10;2,69;4,62;3,07;12,80;11,91;14,33;8,08;5,04;1,63;1,22;0,98
1363;2012-2013;14;1,10;2,69;17,86;5,69;30,35;11,05;14,33;7,34;4,21;1,63;1,22;0,98
1363;2012-2013;15;1,24;2,90;18,89;5,25;23,35;11,33;14,96;7,58;3,82;1,63;1,10;0,98
1363;2012-2013;16;1,16;3,11;13,10;6,15;20,50;12,80;13,40;7,09;3,44;1,49;1,10;0,98
1363;2012-2013;17;1,32;4,22;11,62;11,62;19,42;14,33;11,91;7,09;4,62;1,63;1,10;0,98
1363;2012-2013;18;3,28;6,61;9,39;32,44;18,37;14,33;11,33;7,58;4,41;1,49;1,10;0,98
1363;2012-2013;19;3,86;8,19;10,76;98,27;11,91;12,80;9,66;7,58;4,21;1,49;1,10;0,98
1363;2012-2013;20;2,34;5,97;11,62;46,69;10,76;12,20;8,08;8,08;4,01;1,35;1,10;0,98
1363;2012-2013;21;1,74;5,20;9,12;27,68;14,64;11,33;7,34;7,58;3,82;1,35;1,10;0,98
1363;2012-2013;22;1,44;4,46;7,83;17,86;15,60;14,96;6,61;7,09;3,63;1,35;1,10;0,86
1363;2012-2013;23;1,30;4,22;7,58;13,71;16,58;15,60;6,61;6,85;3,44;1,35;1,10;0,86
1363;2012-2013;24;1,14;3,76;6,85;15,28;13,10;13,10;6,61;6,38;3,25;1,35;1,10;0,86
1363;2012-2013;25;1,23;3,54;6,61;14,33;11,62;11,62;6,61;5,92;3,07;1,35;0,98;0,86
1363;2012-2013;26;1,25;3,32;5,69;18,37;10,21;14,96;6,61;5,69;2,90;1,35;0,98;0,86
1363;2012-2013;27;14,64;3,32;4,83;19,42;10,21;15,60;6,85;5,47;2,98;1,35;0,98;0,86
1363;2012-2013;28;9,88;6,23;4,41;33,16;9,66;16,58;6,85;5,25;2,72;1,35;0,98;0,98
1363;2012-2013;29;5,66;3,32;4,01;16,58;-;20,50;6,85;5,69;2,55;1,35;0,98;0,98
1363;2012-2013;30;4,16;6,50;3,82;19,42;-;40,80;9,12;5,92;2,39;1,10;0,98;1,10
1363;2012-2013;31;3,46;-;3,63;20,50;-;25,15;-;5,47;-;1,10;0,98;-
1363;2013-2014;1;0,98;2,07;6,38;8,86;15,60;39,20;149,47;3,82;6,38;1,63;1,10;0,86
1363;2013-2014;2;1,22;1,77;5,92;9,66;13,40;41,61;183,44;3,82;5,25;2,39;1,10;0,98
1363;2013-2014;3;5,92;2,55;5,04;9,66;11,05;24,54;56,85;3,25;4,62;2,07;1,10;0,86
1363;2013-2014;4;6,85;4,21;5,04;11,05;11,91;16,25;44,96;3,25;4,21;1,92;1,10;0,98
1363;2013-2014;5;2,90;7,09;4,83;10,21;11,62;13,40;25,15;2,72;3,82;1,63;1,10;0,98
1363;2013-2014;6;1,77;6,85;4,41;11,91;19,42;11,62;21,05;2,72;3,44;1,63;0,98;0,98
1363;2013-2014;7;1,49;4,41;4,41;11,91;18,37;10,21;19,42;2,72;3,25;1,63;1,10;0,98
1363;2013-2014;8;1,22;3,44;4,21;11,91;16,58;9,12;15,60;2,72;3,25;1,63;0,98;0,86
1363;2013-2014;9;1,10;3,07;4,21;11,91;12,50;8,86;12,80;2,39;2,90;1,63;0,98;0,98
1363;2013-2014;10;1,10;3,25;3,82;9,66;12,50;8,60;11,91;2,39;2,72;1,63;0,98;0,98
1363;2013-2014;11;1,10;3,25;3,44;8,86;12,20;7,58;11,91;2,23;2,55;1,22;1,10;0,86
1363;2013-2014;12;1,10;2,90;3,82;7,34;11,91;7,34;10,76;2,07;2,39;1,22;0,98;0,86
1363;2013-2014;13;1,10;2,55;5,69;6,61;14,02;6,85;9,66;1,92;2,39;1,22;0,98;0,86
1363;2013-2014;14;0,98;2,55;7,83;5,92;20,50;6,38;9,12;2,55;2,23;1,22;0,98;0,86
1363;2013-2014;15;0,98;4,62;5,69;6,61;19,42;6,15;8,86;2,72;2,23;1,22;0,98;0,98
1363;2013-2014;16;0,98;15,92;5,25;7,09;13,40;5,92;7,83;2,72;2,07;1,22;0,98;0,86
1363;2013-2014;17;0,98;9,66;4,83;6,38;11,62;5,92;7,09;2,72;2,23;1,22;0,98;0,86
1363;2013-2014;18;0,98;10,76;4,83;6,15;9,66;5,92;6,85;2,55;1,92;1,22;0,98;0,86
1363;2013-2014;19;0,98;27,68;6,61;5,92;8,34;6,38;7,38;2,55;2,07;1,22;0,98;0,86
1363;2013-2014;20;0,98;33,16;6,15;5,69;8,34;5,25;6,15;2,72;2,07;1,22;0,98;0,86
1363;2013-2014;21;0,98;9,39;5,47;5,92;7,58;5,92;5,92;4,21;1,92;1,22;0,98;0,86
1363;2013-2014;22;0,86;9,93;5,04;8,60;7,09;5,92;5,69;4,62;2,07;1,22;0,98;0,98
1363;2013-2014;23;1,10;9,12;5,04;9,66;6,85;5,25;5,25;4,62;1,77;1,22;0,98;1,63
1363;2013-2014;24;0,98;7,58;87,96;10,21;6,38;5,04;4,83;3,82;1,92;1,10;0,98;1,35
1363;2013-2014;25;0,98;6,38;54,92;16,58;6,61;5,92;4,83;3,44;1,92;1,10;0,98;0,86
1363;2013-2014;26;0,98;5,92;16,91;15,60;5,92;14,96;4,41;3,44;1,92;0,98;0,98;0,98
1363;2013-2014;27;0,98;5,69;15,60;12,50;6,15;14,02;4,21;3,13;1,77;1,10;0,98;0,86
1363;2013-2014;28;0,86;5,04;15,60;10,21;6,38;9,12;3,82;5,47;1,63;1,10;0,98;0,86
1363;2013-2014;29;0,98;4,83;11,62;9,66;-;14,33;3,82;8,08;1,63;0,98;0,98;0,86
1363;2013-2014;30;1,10;6,38;9,66;9,66;-;19,96;3,82;8,34;1,63;1,10;0,98;0,86
1363;2013-2014;31;2,72;-;8,34;13,71;-;28,34;-;7,09;-;1,10;0,86;-
1363;2014-2015;1;-;1,52;14,64;4,72;-;-;15,40;7,65;2,25;1,11;1,32;1,19
1363;2014-2015;2;-;1,48;10,24;4,30;18,40;-;13,48;7,63;2,17;1,22;1,15;1,33
1363;2014-2015;3;-;1,89;15,89;4,01;26,43;-;11,70;7,24;1,97;1,14;0,97;2,62
1363;2014-2015;4;-;3,08;13,20;3,81;17,87;-;10,87;9,05;1,94;1,01;0,98;2,09
1363;2014-2015;5;-;3,55;9,43;3,63;12,72;24,25;9,70;10,57;2,07;1,10;0,89;1,44
1363;2014-2015;6;-;3,58;10,27;3,38;10,63;17,19;9,47;8,22;1,99;1,24;0,86;1,27
1363;2014-2015;7;-;3,04;11,36;3,15;9,20;15,82;9,31;6,95;1,73;1,07;-;1,25
1363;2014-2015;8;-;1,91;9,55;2,90;8,17;15,21;9,26;6,70;1,88;1,11;1,04;1,10
1363;2014-2015;9;2,35;1,77;9,56;2,71;7,56;14,32;9,45;6,40;1,78;1,13;0,94;1,02
1363;2014-2015;10;1,67;1,68;8,01;2,60;7,59;13,66;10,40;5,68;2,21;1,04;0,98;0,98
1363;2014-2015;11;1,05;1,80;7,09;2,60;7,71;13,63;9,46;4,97;1,95;0,92;-;1,06
1363;2014-2015;12;0,97;1,85;6,47;2,88;7,65;12,67;9,18;4,60;1,77;0,92;-;0,86
1363;2014-2015;13;0,97;2,48;7,72;3,02;8,87;12,52;9,35;4,31;1,66;1,03;-;0,94
1363;2014-2015;14;0,96;3,23;12,14;2,94;11,10;10,65;9,15;4,03;1,57;1,00;-;0,82
1363;2014-2015;15;0,86;2,68;12,76;2,84;16,46;9,24;9,25;3,72;2,18;0,97;-;0,93
1363;2014-2015;16;0,94;2,32;21,26;3,03;25,11;8,13;8,97;3,48;1,91;0,90;-;3,64
1363;2014-2015;17;4,45;2,91;21,14;2,83;-;7,18;8,24;3,31;1,64;0,94;0,90;2,01
1363;2014-2015;18;3,05;2,54;13,11;3,23;19,24;6,61;8,13;3,25;1,38;0,99;-;1,45
1363;2014-2015;19;1,76;2,24;9,63;5,41;13,23;6,74;7,83;3,44;1,41;0,95;-;1,19
1363;2014-2015;20;1,30;3,13;7,98;4,81;12,16;6,68;7,13;3,14;1,21;0,94;-;1,12
1363;2014-2015;21;1,08;2,76;7,53;6,22;26,96;6,64;6,87;3,33;1,11;0,99;-;1,12
1363;2014-2015;22;0,97;2,47;6,47;9,38;21,79;7,68;7,36;2,97;1,29;1,11;0,88;1,00
1363;2014-2015;23;0,96;2,37;5,67;7,98;21,92;7,59;7,22;2,81;1,20;1,08;1,07;0,98
1363;2014-2015;24;0,90;3,02;5,03;6,26;21,20;12,50;6,65;2,74;1,29;0,98;0,96;0,98
1363;2014-2015;25;0,90;5,70;4,65;7,11;15,10;13,77;6,87;2,75;1,29;0,97;0,98;0,98
1363;2014-2015;26;0,84;4,26;4,24;7,02;18,67;18,34;8,53;2,62;1,33;0,82;1,79;1,04
1363;2014-2015;27;0,82;3,49;3,97;5,75;29,34;-;8,86;2,58;1,23;0,94;2,03;0,93
1363;2014-2015;28;0,96;4,49;6,78;6,07;24,44;-;9,20;2,47;1,20;0,81;-;0,81
1363;2014-2015;29;1,02;5,43;6,67;9,98;-;22,17;8,60;2,48;1,36;-;-;-
1363;2014-2015;30;1,06;22,00;5,67;-;-;17,06;7,69;2,44;1,21;1,24;-;-
1363;2014-2015;31;1,09;-;5,11;-;-;16,76;-;2,27;-;1,79;0,97;-
1363;2015-2016;1;0,94;2,66;5,84;2,77;4,71;11,18;17,65;7,08;3,27;1,92;1,34;0,98
1363;2015-2016;2;0,75;2,62;4,82;2,92;4,34;11,74;16,51;6,72;3,09;1,89;1,22;0,98
1363;2015-2016;3;0,78;2,78;4,16;2,83;4,28;13,59;18,37;6,77;2,91;1,72;1,22;0,98
1363;2015-2016;4;0,78;2,64;3,72;3,68;4,08;13,11;16,27;7,07;3,03;2,05;1,22;0,89
1363;2015-2016;5;2,63;2,66;3,41;3,47;3,87;13,64;14,60;7,44;2,91;3,65;1,22;0,86
1363;2015-2016;6;3,10;2,41;3,16;3,07;3,85;13,30;12,76;8,25;2,73;2,81;1,14;0,97
1363;2015-2016;7;2,01;2,28;2,97;3,30;4,53;21,00;12,37;9,54;2,55;2,75;1,10;0,86
1363;2015-2016;8;1,57;2,09;2,87;4,53;4,00;18,10;11,80;21,95;2,33;2,32;1,12;0,86
1363;2015-2016;9;1,36;1,96;2,82;4,96;4,34;20,11;10,56;23,32;2,22;1,89;1,10;0,86
1363;2015-2016;10;1,22;1,75;2,59;11,53;7,22;27,82;10,53;18,24;2,29;1,70;1,21;0,88
1363;2015-2016;11;1,22;1,70;2,55;17,20;12,07;22,53;9,43;13,97;2,19;1,86;1,19;0,86
1363;2015-2016;12;5,25;1,59;2,41;8,14;24,15;15,74;8,66;13,22;1,96;1,69;1,10;0,94
1363;2015-2016;13;6,36;1,48;2,15;6,19;28,19;13,26;8,09;20,89;1,98;1,58;1,10;0,86
1363;2015-2016;14;3,51;1,45;2,21;9,64;17,26;12,38;12,56;17,44;1,74;1,45;1,10;0,97
1363;2015-2016;15;2,74;1,39;2,16;10,83;25,64;11,27;16,64;13,43;1,82;1,49;1,08;1,05
1363;2015-2016;16;2,32;1,38;2,10;8,36;15,02;10,60;24,36;11,48;1,82;1,37;1,11;4,17
1363;2015-2016;17;1,99;1,28;1,97;6,98;11,50;9,85;20,34;9,82;2,00;1,35;0,98;1,79
1363;2015-2016;18;1,97;1,26;1,84;6,74;10,09;9,33;14,63;8,86;2,25;1,42;0,98;1,19
1363;2015-2016;19;7,57;1,23;1,75;5,98;9,25;9,52;14,72;7,71;1,93;1,29;1,04;1,06
1363;2015-2016;20;14,50;1,23;2,28;5,20;9,84;12,48;18,30;6,90;1,84;1,28;1,01;0,98
1363;2015-2016;21;7,16;3,10;2,33;4,65;13,91;12,91;20,04;6,63;1,80;1,28;0,98;1,00
1363;2015-2016;22;4,80;4,57;1,98;5,97;14,73;14,95;18,40;6,43;1,98;1,28;0,99;0,98
1363;2015-2016;23;3,63;5,37;1,95;7,27;13,02;13,15;15,82;5,72;1,92;1,26;0,98;0,98
1363;2015-2016;24;3,03;3,66;1,88;7,11;12,74;10,51;17,78;5,14;2,22;1,22;0,98;0,98
1363;2015-2016;25;2,73;8,85;1,76;6,54;11,69;10,88;14,34;4,87;2,83;1,25;0,98;0,98
1363;2015-2016;26;2,76;11,47;1,63;5,57;11,72;26,06;12,80;4,69;2,46;1,24;0,98;0,97
1363;2015-2016;27;5,65;22,66;1,63;5,08;12,23;29,88;11,48;4,21;2,38;1,22;0,98;0,99
1363;2015-2016;28;4,50;14,47;1,62;4,90;18,50;15,96;9,79;3,99;2,05;1,22;0,98;0,98
1363;2015-2016;29;3,79;10,16;2,87;6,51;14,58;19,44;8,72;3,84;1,97;1,23;0,98;0,97
1363;2015-2016;30;3,32;7,30;2,58;5,54;-;21,00;8,12;3,82;1,99;1,22;0,98;0,87
1363;2015-2016;31;2,90;-;2,68;4,98;-;22,18;-;3,48;-;1,22;0,98;-
1363;2016-2017;1;0,86;-;3,32;-;6,01;5,48;5,94;2,42;2,02;2,04;-;-
1363;2016-2017;2;-;-;3,20;-;7,69;5,32;5,24;2,28;1,89;-;-;-
1363;2016-2017;3;-;-;2,99;-;10,66;5,99;4,89;2,20;1,93;-;-;-
1363;2016-2017;4;-;-;2,95;-;39,36;5,44;4,60;2,11;2,13;-;-;-
1363;2016-2017;5;-;3,35;3,35;-;40,42;5,01;4,49;2,20;2,18;-;-;-
1363;2016-2017;6;-;2,42;3,01;-;19,45;6,08;4,21;2,96;2,00;-;-;-
1363;2016-2017;7;-;3,50;2,69;2,10;17,01;6,08;4,00;2,44;1,93;-;-;-
1363;2016-2017;8;-;3,69;2,35;-;13,29;5,82;3,82;2,27;1,88;-;-;-
1363;2016-2017;9;-;6,37;2,21;-;11,22;5,58;3,74;2,23;1,88;-;-;-
1363;2016-2017;10;-;5,39;2,18;2,17;9,28;5,60;3,81;2,19;1,88;-;-;-
1363;2016-2017;11;-;4,63;2,23;2,36;7,59;5,82;3,69;2,27;-;-;-;-
1363;2016-2017;12;-;5,55;2,30;2,25;10,49;6,77;3,49;2,33;1,88;-;-;-
1363;2016-2017;13;2,53;10,29;2,22;2,35;91,80;9,88;3,29;2,34;1,88;-;-;-
1363;2016-2017;14;2,24;7,39;2,27;2,51;39,84;9,27;3,19;2,16;1,88;-;-;-
1363;2016-2017;15;-;5,27;2,04;2,83;25,56;9,56;3,18;2,01;-;-;-;-
1363;2016-2017;16;-;4,24;2,52;6,66;18,39;9,16;3,01;1,96;-;-;-;-
1363;2016-2017;17;-;3,55;2,09;24,65;13,89;8,50;2,90;2,13;-;-;-;-
1363;2016-2017;18;-;3,00;2,15;14,14;12,09;7,54;2,75;3,75;-;-;-;-
1363;2016-2017;19;-;2,65;2,12;8,21;10,59;7,01;2,66;4,44;-;-;-;-
1363;2016-2017;20;-;2,98;2,51;5,95;8,95;6,49;2,59;3,50;-;-;-;-
1363;2016-2017;21;-;4,78;2,24;5,01;8,07;6,74;2,46;2,89;-;-;-;-
1363;2016-2017;22;-;4,03;2,31;4,35;7,54;6,16;2,30;2,71;-;-;-;-
1363;2016-2017;23;4,39;3,95;2,18;3,90;7,18;5,64;2,27;2,41;-;-;-;-
1363;2016-2017;24;2,83;4,68;2,24;3,42;7,07;5,27;2,26;2,23;-;-;-;-
1363;2016-2017;25;2,15;4,20;2,15;3,32;6,56;4,96;2,25;2,12;-;-;-;-
1363;2016-2017;26;2,24;3,59;2,31;3,16;6,13;4,84;2,67;2,52;-;-;-;-
1363;2016-2017;27;-;3,54;2,15;3,37;5,95;6,75;2,60;3,47;-;-;-;-
1363;2016-2017;28;-;3,84;1,94;2,92;5,88;5,98;2,33;2,41;-;-;2,02;-
1363;2016-2017;29;-;3,41;-;2,83;-;5,70;2,35;2,32;-;-;-;-
1363;2016-2017;30;-;3,20;-;4,44;-;6,06;2,27;2,30;2,09;-;-;-
1363;2016-2017;31;-;-;-;6,87;-;7,07;-;2,08;-;-;-;-
1363;2017-2018;1;0,73;0,65;6,58;10,05;8,12;12,62;14,39;6,22;15,25;2,81;1,97;1,17
1363;2017-2018;2;0,69;0,65;5,61;9,05;9,17;16,09;23,11;5,77;16,91;2,72;1,97;1,17
1363;2017-2018;3;0,65;0,66;4,86;9,56;9,93;15,68;28,73;11,59;13,62;2,52;1,90;1,17
1363;2017-2018;4;0,67;0,90;4,13;8,91;14,90;12,79;23,62;11,03;12,05;2,58;1,83;1,17
1363;2017-2018;5;0,65;3,76;3,79;8,84;13,39;11,68;18,34;9,40;13,00;2,55;1,85;1,17
1363;2017-2018;6;0,65;3,81;3,67;7,54;11,17;10,29;18,38;8,95;14,59;2,52;1,84;1,17
1363;2017-2018;7;0,65;2,70;4,23;8,42;9,86;8,69;20,06;9,37;12,68;2,50;1,82;1,17
1363;2017-2018;8;0,65;4,92;18,16;8,35;8,58;7,77;15,53;9,37;25,09;2,24;1,80;1,17
1363;2017-2018;9;0,65;4,99;23,11;7,27;10,38;15,64;16,82;8,13;29,18;2,15;1,80;1,17
1363;2017-2018;10;0,65;19,95;42,87;6,87;13,31;39,85;17,10;6,51;19,99;2,15;1,80;1,17
1363;2017-2018;11;0,65;11,38;90,53;6,67;21,93;24,66;15,06;5,85;19,52;2,15;1,80;1,17
1363;2017-2018;12;0,65;6,25;28,87;6,34;29,56;16,87;14,08;5,33;20,83;2,15;1,80;1,17
1363;2017-2018;13;0,65;5,52;18,75;6,11;19,55;13,04;13,39;4,54;17,98;2,15;1,80;1,17
1363;2017-2018;14;0,65;4,61;31,02;5,49;33,61;19,15;13,77;9,31;13,82;2,15;1,80;1,17
1363;2017-2018;15;0,65;3,66;25,36;5,07;80,27;20,87;15,53;9,41;11,59;2,09;1,80;1,17
1363;2017-2018;16;0,65;3,12;18,99;6,27;82,86;13,90;16,52;7,56;9,75;1,97;1,80;1,17
1363;2017-2018;17;0,65;2,45;14,35;7,60;69,42;11,77;15,80;6,43;7,94;1,97;1,80;1,17
1363;2017-2018;18;0,65;2,05;14,08;6,52;38,56;10,14;18,52;5,50;6,44;1,97;1,80;1,12
1363;2017-2018;19;0,73;1,81;45,16;5,83;29,11;9,28;21,14;4,84;5,47;2,01;1,80;1,04
1363;2017-2018;20;0,65;1,73;23,83;5,14;41,94;9,77;20,10;4,55;4,79;4,69;1,80;1,04
1363;2017-2018;21;0,65;1,61;15,64;5,13;36,61;9,12;18,33;4,14;4,27;5,58;1,43;1,03
1363;2017-2018;22;0,65;1,48;11,94;4,95;25,21;9,71;15,64;3,78;3,91;3,89;1,17;1,03
1363;2017-2018;23;0,65;1,47;9,97;4,18;18,70;15,15;14,02;3,55;3,50;2,86;1,17;1,03
1363;2017-2018;24;0,65;1,48;8,00;3,84;14,78;29,83;13,54;3,67;3,09;2,28;1,17;1,03
1363;2017-2018;25;0,65;4,43;6,60;3,71;12,42;28,44;12,95;4,34;2,89;2,15;1,17;1,03
1363;2017-2018;26;0,65;4,99;5,86;5,06;11,58;21,43;11,47;12,13;2,75;2,15;1,17;1,03
1363;2017-2018;27;0,65;3,99;8,71;7,91;10,59;22,31;10,28;11,46;4,62;2,15;1,17;1,03
1363;2017-2018;28;0,65;3,40;10,52;8,89;9,56;26,68;9,22;12,74;3,03;2,01;1,17;1,03
1363;2017-2018;29;0,65;3,98;12,89;8,07;-;25,16;7,85;12,42;3,47;1,97;1,17;1,03
1363;2017-2018;30;0,66;4,28;13,25;7,76;-;19,78;6,66;12,42;2,99;1,97;1,17;1,03
1363;2017-2018;31;0,71;-;11,85;7,15;-;15,95;-;12,59;-;1,97;1,17;-
1363;2018-2019;1;1,03;2,49;1,35;1,80;19,61;4,57;2,79;3,09;1,08;2,08;0,77;0,55
1363;2018-2019;2;1,03;12,95;1,29;1,80;15,96;4,18;2,66;2,83;1,01;2,27;0,77;0,85
1363;2018-2019;3;1,03;11,79;1,24;1,80;12,94;4,07;2,81;2,65;1,13;2,19;0,82;0,71
1363;2018-2019;4;1,03;8,71;1,32;1,80;11,30;4,48;2,75;2,54;0,98;2,65;0,74;0,55
1363;2018-2019;5;1,03;15,50;1,22;1,80;12,36;4,16;2,67;2,32;1,20;2,13;0,80;0,58
1363;2018-2019;6;1,03;11,78;1,17;1,80;14,80;8,52;2,52;2,26;1,24;1,80;0,69;0,63
1363;2018-2019;7;1,03;15,16;1,17;1,80;15,26;6,66;2,44;2,13;1,50;1,66;0,71;0,55
1363;2018-2019;8;1,03;9,65;1,17;1,80;12,93;5,15;2,57;2,13;1,18;1,64;0,72;0,54
1363;2018-2019;9;1,03;7,15;1,12;1,80;11,50;4,60;2,53;2,04;1,09;1,48;0,73;0,54
1363;2018-2019;10;1,03;9,95;1,04;1,80;12,34;4,90;2,66;2,14;1,09;1,38;0,66;1,47
1363;2018-2019;11;1,03;10,68;1,03;1,80;11,91;5,04;3,13;1,88;1,45;1,29;0,74;3,25
1363;2018-2019;12;1,03;12,51;1,03;1,80;9,68;4,60;2,99;1,79;1,70;1,23;0,71;1,63
1363;2018-2019;13;1,03;8,23;1,32;1,80;8,13;4,71;2,98;1,68;1,33;1,19;0,70;1,02
1363;2018-2019;14;1,03;6,14;1,91;1,80;7,18;4,14;3,29;1,59;1,33;1,19;0,63;0,90
1363;2018-2019;15;1,03;5,17;1,86;1,51;6,69;3,81;5,50;1,59;1,24;1,17;0,60;0,81
1363;2018-2019;16;1,03;4,29;1,97;1,13;6,24;3,59;5,32;1,52;1,18;1,09;0,59;0,88
1363;2018-2019;17;1,03;3,56;1,90;1,18;5,95;3,78;4,20;1,97;1,11;1,11;0,64;1,18
1363;2018-2019;18;1,03;3,03;1,84;1,11;6,18;3,94;5,44;1,90;1,11;1,12;0,61;1,38
1363;2018-2019;19;1,03;2,90;1,83;1,30;6,12;3,91;8,81;1,87;1,04;1,02;0,75;1,01
1363;2018-2019;20;1,03;2,70;1,80;5,35;5,48;4,08;7,37;1,81;1,22;0,90;0,73;0,91
1363;2018-2019;21;1,03;2,54;1,80;11,52;5,15;3,99;6,07;1,66;2,10;0,99;0,72;0,80
1363;2018-2019;22;1,03;2,15;1,80;10,42;4,89;3,80;5,17;1,58;1,89;1,03;0,62;1,43
1363;2018-2019;23;1,03;1,82;1,80;74,36;4,92;3,56;4,91;1,52;1,60;0,91;0,56;1,07
1363;2018-2019;24;1,03;1,61;1,80;133,01;4,63;3,40;4,42;1,58;6,33;0,88;0,60;0,87
1363;2018-2019;25;1,03;2,50;1,80;69,69;4,50;3,46;4,14;1,47;7,24;0,82;0,61;0,83
1363;2018-2019;26;1,03;2,72;1,80;29,76;4,69;3,27;3,87;1,35;4,58;0,97;0,66;0,76
1363;2018-2019;27;1,05;2,48;1,80;18,44;5,50;3,11;3,68;1,39;3,39;1,12;0,65;0,76
1363;2018-2019;28;1,08;2,08;1,80;13,57;5,18;2,96;3,53;1,35;2,78;1,10;0,54;0,71
1363;2018-2019;29;1,17;1,73;1,80;12,13;-;2,85;3,40;1,24;2,36;0,94;0,56;0,72
1363;2018-2019;30;1,44;1,58;1,80;11,24;-;2,81;3,20;1,23;2,15;0,80;0,55;0,66
1363;2018-2019;31;1,97;-;1,80;16,70;-;2,83;-;1,17;-;0,86;0,60;-
1363;2019-2020;1;0,65;1,95;14,36;6,02;7,74;1,94;3,85;9,24;2,17;1,91;0,60;0,84
1363;2019-2020;2;0,57;1,90;18,92;5,50;7,20;5,13;4,72;7,75;2,14;1,52;0,61;0,63
1363;2019-2020;3;0,57;1,85;17,29;5,10;6,22;4,99;4,43;6,72;1,94;1,54;0,64;0,54
1363;2019-2020;4;0,59;2,07;13,03;4,66;5,46;5,47;4,01;5,93;1,97;1,39;0,52;0,57
1363;2019-2020;5;0,65;2,99;10,78;4,35;4,73;5,36;3,82;5,28;1,88;1,42;0,52;0,54
1363;2019-2020;6;0,56;5,23;9,15;4,11;4,20;5,80;4,44;4,74;1,77;1,33;0,52;0,60
1363;2019-2020;7;0,56;5,24;8,01;3,81;3,82;6,59;4,37;4,20;2,07;1,32;0,44;0,57
1363;2019-2020;8;0,60;6,08;8,18;3,60;3,81;7,13;4,34;4,45;2,04;1,34;0,48;0,59
1363;2019-2020;9;0,56;7,60;8,36;3,44;3,41;6,36;4,04;4,15;1,97;1,31;0,44;0,55
1363;2019-2020;10;0,56;17,11;7,06;3,42;3,32;5,60;5,45;4,26;1,83;1,34;0,44;0,44
1363;2019-2020;11;0,60;23,39;7,06;3,20;3,27;5,02;8,77;4,11;1,72;1,32;0,69;0,44
1363;2019-2020;12;0,54;19,87;8,12;3,04;3,14;4,70;11,19;4,06;2,12;1,32;0,89;0,48
1363;2019-2020;13;0,54;56,82;21,98;2,99;2,99;4,76;12,99;4,18;2,00;1,32;0,83;0,44
1363;2019-2020;14;0,75;34,69;14,91;2,79;2,83;4,28;11,24;5,13;1,81;1,32;0,57;0,51
1363;2019-2020;15;0,72;36,35;13,26;3,04;2,73;4,05;10,17;8,77;1,72;1,34;0,56;0,67
1363;2019-2020;16;0,66;25,86;54,77;3,48;2,55;5,67;10,64;9,54;1,70;1,25;0,57;0,53
1363;2019-2020;17;0,78;19,87;57,30;4,20;3,14;6,96;23,78;7,22;1,79;0,91;0,53;0,45
1363;2019-2020;18;0,70;29,03;38,26;3,57;2,92;10,62;20,71;5,89;1,80;0,65;0,69;1,38
1363;2019-2020;19;1,08;21,13;131,83;5,14;2,62;11,90;16,87;4,91;1,67;0,65;0,51;0,96
1363;2019-2020;20;7,07;17,09;88,44;4,50;2,55;10,71;14,57;4,29;1,53;0,65;0,44;0,71
1363;2019-2020;21;4,47;16,86;47,19;3,98;2,36;9,34;12,96;3,79;1,57;0,64;0,54;0,82
1363;2019-2020;22;3,08;26,30;37,79;4,38;2,26;8,31;11,66;3,53;1,50;0,54;0,44;1,04
1363;2019-2020;23;18,96;40,84;26,38;4,66;2,13;7,13;10,26;3,38;1,52;0,54;0,44;0,81
1363;2019-2020;24;13,70;25,83;20,91;4,43;2,16;6,11;8,83;3,12;1,52;0,54;0,44;0,66
1363;2019-2020;25;7,25;24,14;17,12;4,31;2,03;5,46;8,82;3,01;1,61;0,54;0,50;0,63
1363;2019-2020;26;4,86;31,72;14,24;4,17;2,06;4,88;11,11;2,67;1,50;0,54;0,44;0,76
1363;2019-2020;27;3,66;28,07;11,76;4,32;1,93;4,47;18,85;2,54;1,47;0,53;0,44;1,29
1363;2019-2020;28;3,07;20,57;10,13;5,00;1,90;4,03;16,69;2,30;1,39;0,59;0,47;1,30
1363;2019-2020;29;2,60;18,91;8,65;5,81;1,86;3,70;13,13;2,26;1,46;0,54;0,98;0,98
1363;2019-2020;30;2,27;16,04;7,58;8,68;-;3,69;10,96;2,13;1,51;0,53;2,56;0,83
1363;2019-2020;31;2,08;-;6,69;7,58;-;3,47;-;2,08;-;0,84;1,18;-
1363;2020-2021;1;0,66;2,61;1,79;11,97;13,54;8,11;3,46;5,40;1,51;2,12;0,75;0,44
1363;2020-2021;2;3,55;2,50;1,94;10,17;13,17;11,03;3,58;4,79;1,49;2,02;0,69;0,77
1363;2020-2021;3;4,75;2,85;1,86;8,85;17,71;9,88;3,33;4,37;1,49;1,83;0,65;1,12
1363;2020-2021;4;3,47;3,11;2,23;8,76;12,23;8,59;3,10;4,04;1,71;1,67;0,70;0,54
1363;2020-2021;5;2,99;3,03;2,76;7,80;10,37;7,65;2,88;3,64;1,47;1,55;0,66;0,52
1363;2020-2021;6;2,35;3,70;2,96;6,99;24,07;6,78;2,81;3,41;1,34;1,47;0,59;0,45
1363;2020-2021;7;1,93;5,44;4,65;6,44;19,47;6,07;2,66;3,15;1,28;1,43;0,55;0,44
1363;2020-2021;8;1,66;5,02;8,47;5,95;14,75;5,62;2,59;2,94;1,20;1,46;0,53;0,47
1363;2020-2021;9;1,44;4,48;7,31;5,69;12,91;4,96;2,58;2,81;1,18;1,33;0,57;0,44
1363;2020-2021;10;1,51;3,92;17,75;5,36;11,33;-;2,83;2,95;1,08;1,21;0,50;0,46
1363;2020-2021;11;1,70;3,46;53,55;4,92;10,34;-;6,64;2,93;1,08;1,12;0,49;0,46
1363;2020-2021;12;1,68;3,11;27,20;4,67;15,43;-;5,72;2,81;1,02;1,25;0,54;0,44
1363;2020-2021;13;2,85;2,79;16,71;4,63;12,62;-;5,15;3,12;1,00;1,23;0,50;0,51
1363;2020-2021;14;5,31;2,51;15,40;4,82;10,87;-;4,64;5,25;0,99;1,07;0,44;1,39
1363;2020-2021;15;6,68;2,43;11,91;5,93;10,55;3,39;4,32;3,80;0,95;0,99;0,44;0,69
1363;2020-2021;16;6,63;2,46;13,78;6,45;9,79;3,25;3,94;3,74;1,04;0,98;0,44;1,19
1363;2020-2021;17;4,40;2,18;12,73;7,03;8,26;3,09;3,67;3,40;1,43;0,87;0,46;0,77
1363;2020-2021;18;3,29;2,24;9,86;10,29;8,92;3,05;3,50;3,15;6,20;0,84;0,48;0,90
1363;2020-2021;19;2,69;2,35;8,74;11,62;8,00;4,46;3,45;3,01;6,93;0,87;0,50;0,67
1363;2020-2021;20;7,17;2,26;7,33;17,95;8,21;6,55;2,94;2,64;3,96;0,78;0,44;1,02
1363;2020-2021;21;26,87;2,13;7,10;26,37;19,64;4,88;2,70;2,47;3,41;0,77;0,45;2,36
1363;2020-2021;22;14,51;2,03;7,10;31,75;19,83;4,51;2,73;2,38;6,12;0,74;0,46;1,35
1363;2020-2021;23;9,18;1,96;6,72;20,93;13,59;4,19;2,57;2,22;10,82;0,69;0,45;0,99
1363;2020-2021;24;6,38;1,86;5,93;21,39;11,30;3,97;2,42;2,03;6,58;0,71;0,44;0,86
1363;2020-2021;25;8,91;1,92;5,99;35,49;11,40;3,86;2,46;1,91;4,76;0,74;0,45;0,87
1363;2020-2021;26;7,52;2,47;5,28;32,97;10,57;3,71;2,86;1,85;3,91;0,72;0,49;0,90
1363;2020-2021;27;5,80;2,31;5,04;35,09;9,34;3,80;2,96;1,68;3,50;0,65;0,44;0,75
1363;2020-2021;28;4,65;2,11;8,55;33,13;8,31;3,45;3,12;1,69;3,01;0,73;0,44;0,67
1363;2020-2021;29;3,89;2,01;10,32;29,59;-;3,38;4,02;1,79;2,63;0,64;0,44;0,65
1363;2020-2021;30;3,32;1,86;9,42;24,04;-;3,36;5,82;1,68;2,46;0,62;0,49;0,64
1363;2020-2021;31;2,94;-;9,73;16,07;-;3,46;-;1,54;-;0,89;0,47;-